0 verbose cli /usr/local/bin/node /usr/local/bin/npm
1 info using npm@11.6.2
2 info using node@v24.13.0
3 silly config load:file:/usr/local/lib/node_modules/npm/npmrc
4 silly config load:file:/Users/ayushrana/Downloads/Rituraj Bhaiya /mono-e-commerce-template/.npmrc
5 silly config load:file:/Users/ayushrana/.npmrc
6 silly config load:file:/usr/local/etc/npmrc
7 verbose title npm install
8 verbose argv "install" "--cache" "./npm-cache"
9 verbose logfile logs-max:10 dir:/Users/ayushrana/Downloads/Rituraj Bhaiya /mono-e-commerce-template/npm-cache/_logs/2026-09-26T11_29_06_086Z-
10 verbose logfile /Users/ayushrana/Downloads/Rituraj Bhaiya /mono-e-commerce-template/npm-cache/_logs/2026-09-26T11_29_06_086Z-debug-0.log
11 silly logfile done cleaning log files
12 silly packumentCache heap:4496293888 maxSize:1124073472 maxEntrySize:562036736
13 silly idealTree buildDeps
14 silly fetch manifest @hookform/resolvers@^3.10.0
15 silly packumentCache full:https://registry.npmjs.org/@hookform%2fresolvers cache-miss
16 http fetch GET 200 https://registry.npmjs.org/npm 281ms
17 http fetch GET 200 https://registry.npmjs.org/@hookform%2fresolvers 657ms (cache miss)
18 silly packumentCache full:https://registry.npmjs.org/@hookform%2fresolvers set size:undefined disposed:false
19 silly fetch manifest react-hook-form@^7.60.0
20 silly packumentCache full:https://registry.npmjs.org/react-hook-form cache-miss
21 http fetch GET 200 https://registry.npmjs.org/react-hook-form 196ms (cache miss)
22 silly packumentCache full:https://registry.npmjs.org/react-hook-form set size:undefined disposed:false
23 silly fetch manifest @types/react@^19
24 silly packumentCache full:https://registry.npmjs.org/@types%2freact cache-miss
25 http fetch GET 200 https://registry.npmjs.org/@types%2freact 258ms (cache miss)
26 silly packumentCache full:https://registry.npmjs.org/@types%2freact set size:undefined disposed:false
27 silly fetch manifest react@19.2.0
28 silly packumentCache full:https://registry.npmjs.org/react cache-miss
29 http fetch GET 200 https://registry.npmjs.org/react 250ms (cache miss)
30 silly packumentCache full:https://registry.npmjs.org/react set size:undefined disposed:false
31 silly fetch manifest @radix-ui/react-accordion@1.2.2
32 silly packumentCache full:https://registry.npmjs.org/@radix-ui%2freact-accordion cache-miss
33 http fetch GET 200 https://registry.npmjs.org/@radix-ui%2freact-accordion 182ms (cache miss)
34 silly packumentCache full:https://registry.npmjs.org/@radix-ui%2freact-accordion set size:undefined disposed:false
35 silly fetch manifest @types/react-dom@^19
36 silly packumentCache full:https://registry.npmjs.org/@types%2freact-dom cache-miss
37 http fetch GET 200 https://registry.npmjs.org/@types%2freact-dom 59ms (cache miss)
38 silly packumentCache full:https://registry.npmjs.org/@types%2freact-dom set size:undefined disposed:false
39 silly fetch manifest react-dom@19.2.0
40 silly packumentCache full:https://registry.npmjs.org/react-dom cache-miss
41 http fetch GET 200 https://registry.npmjs.org/react-dom 242ms (cache miss)
42 silly packumentCache full:https://registry.npmjs.org/react-dom set size:undefined disposed:false
43 silly fetch manifest @radix-ui/react-alert-dialog@1.1.4
44 silly packumentCache full:https://registry.npmjs.org/@radix-ui%2freact-alert-dialog cache-miss
45 http fetch GET 200 https://registry.npmjs.org/@radix-ui%2freact-alert-dialog 162ms (cache miss)
46 silly packumentCache full:https://registry.npmjs.org/@radix-ui%2freact-alert-dialog set size:undefined disposed:false
47 silly fetch manifest @radix-ui/react-aspect-ratio@1.1.1
48 silly packumentCache full:https://registry.npmjs.org/@radix-ui%2freact-aspect-ratio cache-miss
49 http fetch GET 200 https://registry.npmjs.org/@radix-ui%2freact-aspect-ratio 69ms (cache miss)
50 silly packumentCache full:https://registry.npmjs.org/@radix-ui%2freact-aspect-ratio set size:undefined disposed:false
51 silly fetch manifest @radix-ui/react-avatar@1.1.2
52 silly packumentCache full:https://registry.npmjs.org/@radix-ui%2freact-avatar cache-miss
53 http fetch GET 200 https://registry.npmjs.org/@radix-ui%2freact-avatar 77ms (cache miss)
54 silly packumentCache full:https://registry.npmjs.org/@radix-ui%2freact-avatar set size:undefined disposed:false
55 silly fetch manifest @radix-ui/react-checkbox@1.1.3
56 silly packumentCache full:https://registry.npmjs.org/@radix-ui%2freact-checkbox cache-miss
57 http fetch GET 200 https://registry.npmjs.org/@radix-ui%2freact-checkbox 86ms (cache miss)
58 silly packumentCache full:https://registry.npmjs.org/@radix-ui%2freact-checkbox set size:undefined disposed:false
59 silly fetch manifest @radix-ui/react-collapsible@1.1.2
60 silly packumentCache full:https://registry.npmjs.org/@radix-ui%2freact-collapsible cache-miss
61 http fetch GET 200 https://registry.npmjs.org/@radix-ui%2freact-collapsible 87ms (cache miss)
62 silly packumentCache full:https://registry.npmjs.org/@radix-ui%2freact-collapsible set size:undefined disposed:false
63 silly fetch manifest @radix-ui/react-context-menu@2.2.4
64 silly packumentCache full:https://registry.npmjs.org/@radix-ui%2freact-context-menu cache-miss
65 http fetch GET 200 https://registry.npmjs.org/@radix-ui%2freact-context-menu 181ms (cache miss)
66 silly packumentCache full:https://registry.npmjs.org/@radix-ui%2freact-context-menu set size:undefined disposed:false
67 silly fetch manifest @radix-ui/react-dialog@1.1.4
68 silly packumentCache full:https://registry.npmjs.org/@radix-ui%2freact-dialog cache-miss
69 http fetch GET 200 https://registry.npmjs.org/@radix-ui%2freact-dialog 181ms (cache miss)
70 silly packumentCache full:https://registry.npmjs.org/@radix-ui%2freact-dialog set size:undefined disposed:false
71 silly fetch manifest @radix-ui/react-dropdown-menu@2.1.4
72 silly packumentCache full:https://registry.npmjs.org/@radix-ui%2freact-dropdown-menu cache-miss
73 http fetch GET 200 https://registry.npmjs.org/@radix-ui%2freact-dropdown-menu 106ms (cache miss)
74 silly packumentCache full:https://registry.npmjs.org/@radix-ui%2freact-dropdown-menu set size:undefined disposed:false
75 silly fetch manifest @radix-ui/react-hover-card@1.1.4
76 silly packumentCache full:https://registry.npmjs.org/@radix-ui%2freact-hover-card cache-miss
77 http fetch GET 200 https://registry.npmjs.org/@radix-ui%2freact-hover-card 240ms (cache miss)
78 silly packumentCache full:https://registry.npmjs.org/@radix-ui%2freact-hover-card set size:undefined disposed:false
79 silly fetch manifest @radix-ui/react-label@2.1.1
80 silly packumentCache full:https://registry.npmjs.org/@radix-ui%2freact-label cache-miss
81 http fetch GET 200 https://registry.npmjs.org/@radix-ui%2freact-label 379ms (cache miss)
82 silly packumentCache full:https://registry.npmjs.org/@radix-ui%2freact-label set size:undefined disposed:false
83 silly fetch manifest @radix-ui/react-menubar@1.1.4
84 silly packumentCache full:https://registry.npmjs.org/@radix-ui%2freact-menubar cache-miss
85 http fetch GET 200 https://registry.npmjs.org/@radix-ui%2freact-menubar 101ms (cache miss)
86 silly packumentCache full:https://registry.npmjs.org/@radix-ui%2freact-menubar set size:undefined disposed:false
87 silly fetch manifest @radix-ui/react-navigation-menu@1.2.3
88 silly packumentCache full:https://registry.npmjs.org/@radix-ui%2freact-navigation-menu cache-miss
89 http fetch GET 200 https://registry.npmjs.org/@radix-ui%2freact-navigation-menu 88ms (cache miss)
90 silly packumentCache full:https://registry.npmjs.org/@radix-ui%2freact-navigation-menu set size:undefined disposed:false
91 silly fetch manifest @radix-ui/react-popover@1.1.4
92 silly packumentCache full:https://registry.npmjs.org/@radix-ui%2freact-popover cache-miss
93 http fetch GET 200 https://registry.npmjs.org/@radix-ui%2freact-popover 105ms (cache miss)
94 silly packumentCache full:https://registry.npmjs.org/@radix-ui%2freact-popover set size:undefined disposed:false
95 silly fetch manifest @radix-ui/react-progress@1.1.1
96 silly packumentCache full:https://registry.npmjs.org/@radix-ui%2freact-progress cache-miss
97 http fetch GET 200 https://registry.npmjs.org/@radix-ui%2freact-progress 80ms (cache miss)
98 silly packumentCache full:https://registry.npmjs.org/@radix-ui%2freact-progress set size:undefined disposed:false
99 silly fetch manifest @radix-ui/react-radio-group@1.2.2
100 silly packumentCache full:https://registry.npmjs.org/@radix-ui%2freact-radio-group cache-miss
101 http fetch GET 200 https://registry.npmjs.org/@radix-ui%2freact-radio-group 367ms (cache miss)
102 silly packumentCache full:https://registry.npmjs.org/@radix-ui%2freact-radio-group set size:undefined disposed:false
103 silly fetch manifest @radix-ui/react-scroll-area@1.2.2
104 silly packumentCache full:https://registry.npmjs.org/@radix-ui%2freact-scroll-area cache-miss
105 http fetch GET 200 https://registry.npmjs.org/@radix-ui%2freact-scroll-area 458ms (cache miss)
106 silly packumentCache full:https://registry.npmjs.org/@radix-ui%2freact-scroll-area set size:undefined disposed:false
107 silly fetch manifest @radix-ui/react-select@2.1.4
108 silly packumentCache full:https://registry.npmjs.org/@radix-ui%2freact-select cache-miss
109 http fetch GET 200 https://registry.npmjs.org/@radix-ui%2freact-select 444ms (cache miss)
110 silly packumentCache full:https://registry.npmjs.org/@radix-ui%2freact-select set size:undefined disposed:false
111 silly fetch manifest @radix-ui/react-separator@1.1.1
112 silly packumentCache full:https://registry.npmjs.org/@radix-ui%2freact-separator cache-miss
113 http fetch GET 200 https://registry.npmjs.org/@radix-ui%2freact-separator 81ms (cache miss)
114 silly packumentCache full:https://registry.npmjs.org/@radix-ui%2freact-separator set size:undefined disposed:false
115 silly fetch manifest @radix-ui/react-slider@1.2.2
116 silly packumentCache full:https://registry.npmjs.org/@radix-ui%2freact-slider cache-miss
117 http fetch GET 200 https://registry.npmjs.org/@radix-ui%2freact-slider 86ms (cache miss)
118 silly packumentCache full:https://registry.npmjs.org/@radix-ui%2freact-slider set size:undefined disposed:false
119 silly fetch manifest @radix-ui/react-slot@1.1.1
120 silly packumentCache full:https://registry.npmjs.org/@radix-ui%2freact-slot cache-miss
121 http fetch GET 200 https://registry.npmjs.org/@radix-ui%2freact-slot 69ms (cache miss)
122 silly packumentCache full:https://registry.npmjs.org/@radix-ui%2freact-slot set size:undefined disposed:false
123 silly fetch manifest @radix-ui/react-switch@1.1.2
124 silly packumentCache full:https://registry.npmjs.org/@radix-ui%2freact-switch cache-miss
125 http fetch GET 200 https://registry.npmjs.org/@radix-ui%2freact-switch 83ms (cache miss)
126 silly packumentCache full:https://registry.npmjs.org/@radix-ui%2freact-switch set size:undefined disposed:false
127 silly fetch manifest @radix-ui/react-tabs@1.1.2
128 silly packumentCache full:https://registry.npmjs.org/@radix-ui%2freact-tabs cache-miss
129 http fetch GET 200 https://registry.npmjs.org/@radix-ui%2freact-tabs 79ms (cache miss)
130 silly packumentCache full:https://registry.npmjs.org/@radix-ui%2freact-tabs set size:undefined disposed:false
131 silly fetch manifest @radix-ui/react-toast@1.2.4
132 silly packumentCache full:https://registry.npmjs.org/@radix-ui%2freact-toast cache-miss
133 http fetch GET 200 https://registry.npmjs.org/@radix-ui%2freact-toast 388ms (cache miss)
134 silly packumentCache full:https://registry.npmjs.org/@radix-ui%2freact-toast set size:undefined disposed:false
135 silly fetch manifest @radix-ui/react-toggle@1.1.1
136 silly packumentCache full:https://registry.npmjs.org/@radix-ui%2freact-toggle cache-miss
137 http fetch GET 200 https://registry.npmjs.org/@radix-ui%2freact-toggle 220ms (cache miss)
138 silly packumentCache full:https://registry.npmjs.org/@radix-ui%2freact-toggle set size:undefined disposed:false
139 silly fetch manifest @radix-ui/react-toggle-group@1.1.1
140 silly packumentCache full:https://registry.npmjs.org/@radix-ui%2freact-toggle-group cache-miss
141 http fetch GET 200 https://registry.npmjs.org/@radix-ui%2freact-toggle-group 117ms (cache miss)
142 silly packumentCache full:https://registry.npmjs.org/@radix-ui%2freact-toggle-group set size:undefined disposed:false
143 silly fetch manifest @radix-ui/react-tooltip@1.1.6
144 silly packumentCache full:https://registry.npmjs.org/@radix-ui%2freact-tooltip cache-miss
145 http fetch GET 200 https://registry.npmjs.org/@radix-ui%2freact-tooltip 89ms (cache miss)
146 silly packumentCache full:https://registry.npmjs.org/@radix-ui%2freact-tooltip set size:undefined disposed:false
147 silly fetch manifest @vercel/analytics@1.3.1
148 silly packumentCache full:https://registry.npmjs.org/@vercel%2fanalytics cache-miss
149 http fetch GET 200 https://registry.npmjs.org/@vercel%2fanalytics 535ms (cache miss)
150 silly packumentCache full:https://registry.npmjs.org/@vercel%2fanalytics set size:undefined disposed:false
151 silly fetch manifest next@16.0.10
152 silly packumentCache full:https://registry.npmjs.org/next cache-miss
153 http fetch GET 200 https://registry.npmjs.org/next 514ms (cache miss)
154 silly packumentCache full:https://registry.npmjs.org/next set size:undefined disposed:false
155 silly fetch manifest @opentelemetry/api@^1.1.0
156 silly packumentCache full:https://registry.npmjs.org/@opentelemetry%2fapi cache-miss
157 http fetch GET 200 https://registry.npmjs.org/@opentelemetry%2fapi 131ms (cache miss)
158 silly packumentCache full:https://registry.npmjs.org/@opentelemetry%2fapi set size:undefined disposed:false
159 silly fetch manifest @playwright/test@^1.51.1
160 silly packumentCache full:https://registry.npmjs.org/@playwright%2ftest cache-miss
161 http fetch GET 200 https://registry.npmjs.org/@playwright%2ftest 869ms (cache miss)
162 silly packumentCache full:https://registry.npmjs.org/@playwright%2ftest set size:undefined disposed:false
163 silly fetch manifest babel-plugin-react-compiler@*
164 silly packumentCache full:https://registry.npmjs.org/babel-plugin-react-compiler cache-miss
165 http fetch GET 200 https://registry.npmjs.org/babel-plugin-react-compiler 151ms (cache miss)
166 silly packumentCache full:https://registry.npmjs.org/babel-plugin-react-compiler set size:undefined disposed:false
167 silly fetch manifest sass@^1.3.0
168 silly packumentCache full:https://registry.npmjs.org/sass cache-miss
169 http fetch GET 200 https://registry.npmjs.org/sass 72ms (cache miss)
170 silly packumentCache full:https://registry.npmjs.org/sass set size:undefined disposed:false
171 silly fetch manifest autoprefixer@^10.4.20
172 silly packumentCache full:https://registry.npmjs.org/autoprefixer cache-miss
173 http fetch GET 200 https://registry.npmjs.org/autoprefixer 81ms (cache miss)
174 silly packumentCache full:https://registry.npmjs.org/autoprefixer set size:undefined disposed:false
175 silly fetch manifest postcss@^8.5
176 silly packumentCache full:https://registry.npmjs.org/postcss cache-miss
177 http fetch GET 200 https://registry.npmjs.org/postcss 73ms (cache miss)
178 silly packumentCache full:https://registry.npmjs.org/postcss set size:undefined disposed:false
179 silly fetch manifest class-variance-authority@^0.7.1
180 silly packumentCache full:https://registry.npmjs.org/class-variance-authority cache-miss
181 http fetch GET 200 https://registry.npmjs.org/class-variance-authority 42ms (cache miss)
182 silly packumentCache full:https://registry.npmjs.org/class-variance-authority set size:undefined disposed:false
183 silly fetch manifest clsx@^2.1.1
184 silly packumentCache full:https://registry.npmjs.org/clsx cache-miss
185 http fetch GET 200 https://registry.npmjs.org/clsx 36ms (cache miss)
186 silly packumentCache full:https://registry.npmjs.org/clsx set size:undefined disposed:false
187 silly fetch manifest cmdk@1.0.4
188 silly packumentCache full:https://registry.npmjs.org/cmdk cache-miss
189 http fetch GET 200 https://registry.npmjs.org/cmdk 138ms (cache miss)
190 silly packumentCache full:https://registry.npmjs.org/cmdk set size:undefined disposed:false
191 silly fetch manifest date-fns@4.1.0
192 silly packumentCache full:https://registry.npmjs.org/date-fns cache-miss
193 http fetch GET 200 https://registry.npmjs.org/date-fns 346ms (cache miss)
194 silly packumentCache full:https://registry.npmjs.org/date-fns set size:undefined disposed:false
195 silly fetch manifest embla-carousel-react@8.5.1
196 silly packumentCache full:https://registry.npmjs.org/embla-carousel-react cache-miss
197 http fetch GET 200 https://registry.npmjs.org/embla-carousel-react 151ms (cache miss)
198 silly packumentCache full:https://registry.npmjs.org/embla-carousel-react set size:undefined disposed:false
199 silly fetch manifest framer-motion@^13.4.4
200 silly packumentCache full:https://registry.npmjs.org/framer-motion cache-miss
201 http fetch GET 200 https://registry.npmjs.org/framer-motion 540ms (cache miss)
202 silly packumentCache full:https://registry.npmjs.org/framer-motion set size:undefined disposed:false
203 silly fetch manifest input-otp@1.4.1
204 silly packumentCache full:https://registry.npmjs.org/input-otp cache-miss
205 http fetch GET 200 https://registry.npmjs.org/input-otp 39ms (cache miss)
206 silly packumentCache full:https://registry.npmjs.org/input-otp set size:undefined disposed:false
207 silly fetch manifest lenis@^1.3.26
208 silly packumentCache full:https://registry.npmjs.org/lenis cache-miss
209 http fetch GET 200 https://registry.npmjs.org/lenis 49ms (cache miss)
210 silly packumentCache full:https://registry.npmjs.org/lenis set size:undefined disposed:false
211 silly fetch manifest @nuxt/kit@>=3.0.0
212 silly packumentCache full:https://registry.npmjs.org/@nuxt%2fkit cache-miss
213 http fetch GET 200 https://registry.npmjs.org/@nuxt%2fkit 538ms (cache miss)
214 silly packumentCache full:https://registry.npmjs.org/@nuxt%2fkit set size:undefined disposed:false
215 silly fetch manifest vue@>=3.0.0
216 silly packumentCache full:https://registry.npmjs.org/vue cache-miss
217 http fetch GET 200 https://registry.npmjs.org/vue 106ms (cache miss)
218 silly packumentCache full:https://registry.npmjs.org/vue set size:undefined disposed:false
219 silly fetch manifest typescript@^5
220 silly packumentCache full:https://registry.npmjs.org/typescript cache-miss
221 http fetch GET 200 https://registry.npmjs.org/typescript 392ms (cache miss)
222 silly packumentCache full:https://registry.npmjs.org/typescript set size:undefined disposed:false
223 silly fetch manifest lucide-react@^0.454.0
224 silly packumentCache full:https://registry.npmjs.org/lucide-react cache-miss
225 http fetch GET 200 https://registry.npmjs.org/lucide-react 112ms (cache miss)
226 silly packumentCache full:https://registry.npmjs.org/lucide-react set size:undefined disposed:false
227 silly fetch manifest next-themes@^0.4.6
228 silly packumentCache full:https://registry.npmjs.org/next-themes cache-miss
229 http fetch GET 200 https://registry.npmjs.org/next-themes 451ms (cache miss)
230 silly packumentCache full:https://registry.npmjs.org/next-themes set size:undefined disposed:false
231 silly fetch manifest react-day-picker@9.8.0
232 silly packumentCache full:https://registry.npmjs.org/react-day-picker cache-miss
233 http fetch GET 200 https://registry.npmjs.org/react-day-picker 525ms (cache miss)
234 silly packumentCache full:https://registry.npmjs.org/react-day-picker set size:undefined disposed:false
235 silly fetch manifest react-resizable-panels@^2.1.7
236 silly packumentCache full:https://registry.npmjs.org/react-resizable-panels cache-miss
237 http fetch GET 200 https://registry.npmjs.org/react-resizable-panels 64ms (cache miss)
238 silly packumentCache full:https://registry.npmjs.org/react-resizable-panels set size:undefined disposed:false
239 silly fetch manifest recharts@2.15.4
240 silly packumentCache full:https://registry.npmjs.org/recharts cache-miss
241 http fetch GET 200 https://registry.npmjs.org/recharts 175ms (cache miss)
242 silly packumentCache full:https://registry.npmjs.org/recharts set size:undefined disposed:false
243 silly fetch manifest sonner@^1.7.4
244 silly packumentCache full:https://registry.npmjs.org/sonner cache-miss
245 http fetch GET 200 https://registry.npmjs.org/sonner 96ms (cache miss)
246 silly packumentCache full:https://registry.npmjs.org/sonner set size:undefined disposed:false
247 silly fetch manifest tailwind-merge@^3.3.1
248 silly packumentCache full:https://registry.npmjs.org/tailwind-merge cache-miss
249 http fetch GET 200 https://registry.npmjs.org/tailwind-merge 497ms (cache miss)
250 silly packumentCache full:https://registry.npmjs.org/tailwind-merge set size:undefined disposed:false
251 silly fetch manifest tailwindcss-animate@^1.0.7
252 silly packumentCache full:https://registry.npmjs.org/tailwindcss-animate cache-miss
253 http fetch GET 200 https://registry.npmjs.org/tailwindcss-animate 34ms (cache miss)
254 silly packumentCache full:https://registry.npmjs.org/tailwindcss-animate set size:undefined disposed:false
255 silly fetch manifest tailwindcss@^4.1.9
256 silly packumentCache full:https://registry.npmjs.org/tailwindcss cache-miss
257 http fetch GET 200 https://registry.npmjs.org/tailwindcss 899ms (cache miss)
258 silly packumentCache full:https://registry.npmjs.org/tailwindcss set size:undefined disposed:false
259 silly fetch manifest vaul@^1.1.2
260 silly packumentCache full:https://registry.npmjs.org/vaul cache-miss
261 http fetch GET 200 https://registry.npmjs.org/vaul 314ms (cache miss)
262 silly packumentCache full:https://registry.npmjs.org/vaul set size:undefined disposed:false
263 silly fetch manifest zod@3.25.76
264 silly packumentCache full:https://registry.npmjs.org/zod cache-miss
265 http fetch GET 200 https://registry.npmjs.org/zod 290ms (cache miss)
266 silly packumentCache full:https://registry.npmjs.org/zod set size:undefined disposed:false
267 silly fetch manifest @tailwindcss/postcss@^4.1.9
268 silly packumentCache full:https://registry.npmjs.org/@tailwindcss%2fpostcss cache-miss
269 http fetch GET 200 https://registry.npmjs.org/@tailwindcss%2fpostcss 144ms (cache miss)
270 silly packumentCache full:https://registry.npmjs.org/@tailwindcss%2fpostcss set size:undefined disposed:false
271 silly fetch manifest @types/node@^22
272 silly packumentCache full:https://registry.npmjs.org/@types%2fnode cache-miss
273 http fetch GET 200 https://registry.npmjs.org/@types%2fnode 557ms (cache miss)
274 silly packumentCache full:https://registry.npmjs.org/@types%2fnode set size:undefined disposed:false
275 silly fetch manifest tw-animate-css@1.3.3
276 silly packumentCache full:https://registry.npmjs.org/tw-animate-css cache-miss
277 http fetch GET 200 https://registry.npmjs.org/tw-animate-css 131ms (cache miss)
278 silly packumentCache full:https://registry.npmjs.org/tw-animate-css set size:undefined disposed:false
279 silly placeDep ROOT @hookform/resolvers@3.10.0 OK for: my-v0-project@0.1.0 want: ^3.10.0
280 silly placeDep ROOT react-hook-form@7.89.0 OK for: @hookform/resolvers@3.10.0 want: ^7.0.0
281 silly placeDep ROOT react@19.2.0 OK for: react-hook-form@7.89.0 want: ^16.8.0 || ^17 || ^18 || ^19
282 silly placeDep ROOT @radix-ui/react-accordion@1.2.2 OK for: my-v0-project@0.1.0 want: 1.2.2
283 silly placeDep ROOT react-dom@19.2.0 OK for: @radix-ui/react-accordion@1.2.2 want: ^16.8 || ^17.0 || ^18.0 || ^19.0 || ^19.0.0-rc
284 silly placeDep ROOT @radix-ui/react-alert-dialog@1.1.4 OK for: my-v0-project@0.1.0 want: 1.1.4
285 silly placeDep ROOT @radix-ui/react-aspect-ratio@1.1.1 OK for: my-v0-project@0.1.0 want: 1.1.1
286 silly placeDep ROOT @radix-ui/react-avatar@1.1.2 OK for: my-v0-project@0.1.0 want: 1.1.2
287 silly placeDep ROOT @radix-ui/react-checkbox@1.1.3 OK for: my-v0-project@0.1.0 want: 1.1.3
288 silly placeDep ROOT @radix-ui/react-collapsible@1.1.2 OK for: my-v0-project@0.1.0 want: 1.1.2
289 silly placeDep ROOT @radix-ui/react-context-menu@2.2.4 OK for: my-v0-project@0.1.0 want: 2.2.4
290 silly placeDep ROOT @radix-ui/react-dialog@1.1.4 OK for: my-v0-project@0.1.0 want: 1.1.4
291 silly placeDep ROOT @radix-ui/react-dropdown-menu@2.1.4 OK for: my-v0-project@0.1.0 want: 2.1.4
292 silly placeDep ROOT @radix-ui/react-hover-card@1.1.4 OK for: my-v0-project@0.1.0 want: 1.1.4
293 silly placeDep ROOT @radix-ui/react-label@2.1.1 OK for: my-v0-project@0.1.0 want: 2.1.1
294 silly placeDep ROOT @radix-ui/react-menubar@1.1.4 OK for: my-v0-project@0.1.0 want: 1.1.4
295 silly placeDep ROOT @radix-ui/react-navigation-menu@1.2.3 OK for: my-v0-project@0.1.0 want: 1.2.3
296 silly placeDep ROOT @radix-ui/react-popover@1.1.4 OK for: my-v0-project@0.1.0 want: 1.1.4
297 silly placeDep ROOT @radix-ui/react-progress@1.1.1 OK for: my-v0-project@0.1.0 want: 1.1.1
298 silly placeDep ROOT @radix-ui/react-radio-group@1.2.2 OK for: my-v0-project@0.1.0 want: 1.2.2
299 silly placeDep ROOT @radix-ui/react-scroll-area@1.2.2 OK for: my-v0-project@0.1.0 want: 1.2.2
300 silly placeDep ROOT @radix-ui/react-select@2.1.4 OK for: my-v0-project@0.1.0 want: 2.1.4
301 silly placeDep ROOT @radix-ui/react-separator@1.1.1 OK for: my-v0-project@0.1.0 want: 1.1.1
302 silly placeDep ROOT @radix-ui/react-slider@1.2.2 OK for: my-v0-project@0.1.0 want: 1.2.2
303 silly placeDep ROOT @radix-ui/react-slot@1.1.1 OK for: my-v0-project@0.1.0 want: 1.1.1
304 silly placeDep ROOT @radix-ui/react-switch@1.1.2 OK for: my-v0-project@0.1.0 want: 1.1.2
305 silly placeDep ROOT @radix-ui/react-tabs@1.1.2 OK for: my-v0-project@0.1.0 want: 1.1.2
306 silly placeDep ROOT @radix-ui/react-toast@1.2.4 OK for: my-v0-project@0.1.0 want: 1.2.4
307 silly placeDep ROOT @radix-ui/react-toggle@1.1.1 OK for: my-v0-project@0.1.0 want: 1.1.1
308 silly placeDep ROOT @radix-ui/react-toggle-group@1.1.1 OK for: my-v0-project@0.1.0 want: 1.1.1
309 silly placeDep ROOT @radix-ui/react-tooltip@1.1.6 OK for: my-v0-project@0.1.0 want: 1.1.6
310 silly placeDep ROOT @tailwindcss/postcss@4.3.3 OK for: my-v0-project@0.1.0 want: ^4.1.9
311 silly placeDep ROOT @types/node@22.20.4 OK for: my-v0-project@0.1.0 want: ^22
312 silly placeDep ROOT @types/react@19.3.0 OK for: my-v0-project@0.1.0 want: ^19
313 silly placeDep ROOT @types/react-dom@19.3.0 OK for: my-v0-project@0.1.0 want: ^19
314 silly placeDep ROOT @vercel/analytics@1.3.1 OK for: my-v0-project@0.1.0 want: 1.3.1
315 silly placeDep ROOT autoprefixer@10.6.1 OK for: my-v0-project@0.1.0 want: ^10.4.20
316 silly placeDep ROOT postcss@8.5.28 OK for: autoprefixer@10.6.1 want: ^8.1.0
317 silly placeDep ROOT class-variance-authority@0.7.1 OK for: my-v0-project@0.1.0 want: ^0.7.1
318 silly placeDep ROOT clsx@2.1.1 OK for: my-v0-project@0.1.0 want: ^2.1.1
319 silly placeDep ROOT cmdk@1.0.4 OK for: my-v0-project@0.1.0 want: 1.0.4
320 silly placeDep ROOT date-fns@4.1.0 OK for: my-v0-project@0.1.0 want: 4.1.0
321 silly placeDep ROOT embla-carousel-react@8.5.1 OK for: my-v0-project@0.1.0 want: 8.5.1
322 silly placeDep ROOT framer-motion@13.4.4 OK for: my-v0-project@0.1.0 want: ^13.4.4
323 silly placeDep ROOT input-otp@1.4.1 OK for: my-v0-project@0.1.0 want: 1.4.1
324 silly placeDep ROOT lenis@1.3.26 OK for: my-v0-project@0.1.0 want: ^1.3.26
325 silly placeDep ROOT lucide-react@0.454.0 OK for: my-v0-project@0.1.0 want: ^0.454.0
326 silly placeDep ROOT next@16.0.10 OK for: my-v0-project@0.1.0 want: 16.0.10
327 silly placeDep ROOT next-themes@0.4.6 OK for: my-v0-project@0.1.0 want: ^0.4.6
328 silly placeDep ROOT react-day-picker@9.8.0 OK for: my-v0-project@0.1.0 want: 9.8.0
329 silly placeDep ROOT react-resizable-panels@2.1.9 OK for: my-v0-project@0.1.0 want: ^2.1.7
330 silly placeDep ROOT recharts@2.15.4 OK for: my-v0-project@0.1.0 want: 2.15.4
331 silly placeDep ROOT sonner@1.7.4 OK for: my-v0-project@0.1.0 want: ^1.7.4
332 silly placeDep ROOT tailwind-merge@3.7.0 OK for: my-v0-project@0.1.0 want: ^3.3.1
333 silly placeDep ROOT tailwindcss@4.3.3 OK for: my-v0-project@0.1.0 want: ^4.1.9
334 silly placeDep ROOT tailwindcss-animate@1.0.7 OK for: my-v0-project@0.1.0 want: ^1.0.7
335 silly placeDep ROOT tw-animate-css@1.3.3 OK for: my-v0-project@0.1.0 want: 1.3.3
336 silly placeDep ROOT typescript@5.9.3 OK for: my-v0-project@0.1.0 want: ^5
337 silly placeDep ROOT vaul@1.1.2 OK for: my-v0-project@0.1.0 want: ^1.1.2
338 silly placeDep ROOT zod@3.25.76 OK for: my-v0-project@0.1.0 want: 3.25.76
339 silly fetch manifest @radix-ui/react-id@1.1.0
340 silly packumentCache full:https://registry.npmjs.org/@radix-ui%2freact-id cache-miss
341 silly fetch manifest @radix-ui/primitive@1.1.1
342 silly packumentCache full:https://registry.npmjs.org/@radix-ui%2fprimitive cache-miss
343 silly fetch manifest @radix-ui/react-context@1.1.1
344 silly packumentCache full:https://registry.npmjs.org/@radix-ui%2freact-context cache-miss
345 silly fetch manifest @radix-ui/react-direction@1.1.0
346 silly packumentCache full:https://registry.npmjs.org/@radix-ui%2freact-direction cache-miss
347 silly fetch manifest @radix-ui/react-primitive@2.0.1
348 silly packumentCache full:https://registry.npmjs.org/@radix-ui%2freact-primitive cache-miss
349 silly fetch manifest @radix-ui/react-collection@1.1.1
350 silly packumentCache full:https://registry.npmjs.org/@radix-ui%2freact-collection cache-miss
351 silly fetch manifest @radix-ui/react-compose-refs@1.1.1
352 silly packumentCache full:https://registry.npmjs.org/@radix-ui%2freact-compose-refs cache-miss
353 silly fetch manifest @radix-ui/react-use-controllable-state@1.1.0
354 silly packumentCache full:https://registry.npmjs.org/@radix-ui%2freact-use-controllable-state cache-miss
355 silly fetch manifest scheduler@^0.27.0
356 silly packumentCache full:https://registry.npmjs.org/scheduler cache-miss
357 http fetch GET 200 https://registry.npmjs.org/@radix-ui%2fprimitive 77ms (cache miss)
358 silly packumentCache full:https://registry.npmjs.org/@radix-ui%2fprimitive set size:undefined disposed:false
359 silly fetch manifest @radix-ui/react-context@1.1.1
360 silly packumentCache full:https://registry.npmjs.org/@radix-ui%2freact-context cache-miss
361 http fetch GET 200 https://registry.npmjs.org/@radix-ui%2freact-id 83ms (cache miss)
362 silly packumentCache full:https://registry.npmjs.org/@radix-ui%2freact-id set size:undefined disposed:false
363 silly fetch manifest @radix-ui/react-primitive@2.0.1
364 silly packumentCache full:https://registry.npmjs.org/@radix-ui%2freact-primitive cache-miss
365 http fetch GET 200 https://registry.npmjs.org/@radix-ui%2freact-primitive 131ms (cache miss)
366 silly packumentCache full:https://registry.npmjs.org/@radix-ui%2freact-primitive set size:undefined disposed:false
367 silly fetch manifest @radix-ui/react-compose-refs@1.1.1
368 silly packumentCache full:https://registry.npmjs.org/@radix-ui%2freact-compose-refs cache-miss
369 http fetch GET 200 https://registry.npmjs.org/@radix-ui%2freact-use-controllable-state 244ms (cache miss)
370 silly packumentCache full:https://registry.npmjs.org/@radix-ui%2freact-use-controllable-state set size:undefined disposed:false
371 silly fetch manifest @radix-ui/react-context@1.1.1
372 silly packumentCache full:https://registry.npmjs.org/@radix-ui%2freact-context cache-miss
373 http fetch GET 200 https://registry.npmjs.org/@radix-ui%2freact-direction 249ms (cache miss)
374 silly packumentCache full:https://registry.npmjs.org/@radix-ui%2freact-direction set size:undefined disposed:false
375 silly fetch manifest @radix-ui/react-use-callback-ref@1.1.0
376 silly packumentCache full:https://registry.npmjs.org/@radix-ui%2freact-use-callback-ref cache-miss
377 http fetch GET 200 https://registry.npmjs.org/@radix-ui%2freact-primitive 308ms (cache miss)
378 silly packumentCache full:https://registry.npmjs.org/@radix-ui%2freact-primitive set size:undefined disposed:false
379 silly fetch manifest @radix-ui/react-use-layout-effect@1.1.0
380 silly packumentCache full:https://registry.npmjs.org/@radix-ui%2freact-use-layout-effect cache-miss
381 http fetch GET 200 https://registry.npmjs.org/@radix-ui%2freact-use-callback-ref 98ms (cache miss)
382 silly packumentCache full:https://registry.npmjs.org/@radix-ui%2freact-use-callback-ref set size:undefined disposed:false
383 silly fetch manifest @radix-ui/react-context@1.1.1
384 silly packumentCache full:https://registry.npmjs.org/@radix-ui%2freact-context cache-miss
385 http fetch GET 200 https://registry.npmjs.org/@radix-ui%2freact-compose-refs 279ms (cache miss)
386 silly packumentCache full:https://registry.npmjs.org/@radix-ui%2freact-compose-refs set size:undefined disposed:false
387 silly fetch manifest @radix-ui/react-presence@1.1.2
388 silly packumentCache full:https://registry.npmjs.org/@radix-ui%2freact-presence cache-miss
389 http fetch GET 200 https://registry.npmjs.org/@radix-ui%2freact-context 422ms (cache miss)
390 silly packumentCache full:https://registry.npmjs.org/@radix-ui%2freact-context set size:undefined disposed:false
391 silly fetch manifest @radix-ui/react-use-size@1.1.0
392 silly packumentCache full:https://registry.npmjs.org/@radix-ui%2freact-use-size cache-miss
393 http fetch GET 200 https://registry.npmjs.org/@radix-ui%2freact-context 258ms (cache miss)
394 silly packumentCache full:https://registry.npmjs.org/@radix-ui%2freact-context set size:undefined disposed:false
395 silly fetch manifest @radix-ui/react-use-previous@1.1.0
396 silly packumentCache full:https://registry.npmjs.org/@radix-ui%2freact-use-previous cache-miss
397 http fetch GET 200 https://registry.npmjs.org/@radix-ui%2freact-context 156ms (cache miss)
398 silly packumentCache full:https://registry.npmjs.org/@radix-ui%2freact-context set size:undefined disposed:false
399 silly fetch manifest @radix-ui/react-presence@1.1.2
400 silly packumentCache full:https://registry.npmjs.org/@radix-ui%2freact-presence cache-miss
401 http fetch GET 200 https://registry.npmjs.org/@radix-ui%2freact-compose-refs 512ms (cache miss)
402 silly packumentCache full:https://registry.npmjs.org/@radix-ui%2freact-compose-refs set size:undefined disposed:false
403 silly fetch manifest @radix-ui/react-use-layout-effect@1.1.0
404 silly packumentCache full:https://registry.npmjs.org/@radix-ui%2freact-use-layout-effect cache-miss
405 http fetch GET 200 https://registry.npmjs.org/@radix-ui%2freact-context 515ms (cache miss)
406 silly packumentCache full:https://registry.npmjs.org/@radix-ui%2freact-context set size:undefined disposed:false
407 silly fetch manifest @radix-ui/react-menu@2.1.4
408 silly packumentCache full:https://registry.npmjs.org/@radix-ui%2freact-menu cache-miss
409 http fetch GET 200 https://registry.npmjs.org/@radix-ui%2freact-collection 586ms (cache miss)
410 silly packumentCache full:https://registry.npmjs.org/@radix-ui%2freact-collection set size:undefined disposed:false
411 silly fetch manifest aria-hidden@^1.1.1
412 silly packumentCache full:https://registry.npmjs.org/aria-hidden cache-miss
413 http fetch GET 200 https://registry.npmjs.org/@radix-ui%2freact-presence 153ms (cache miss)
414 silly packumentCache full:https://registry.npmjs.org/@radix-ui%2freact-presence set size:undefined disposed:false
415 silly fetch manifest react-remove-scroll@^2.6.1
416 silly packumentCache full:https://registry.npmjs.org/react-remove-scroll cache-miss
417 http fetch GET 200 https://registry.npmjs.org/@radix-ui%2freact-presence 148ms (cache miss)
418 silly packumentCache full:https://registry.npmjs.org/@radix-ui%2freact-presence set size:undefined disposed:false
419 silly fetch manifest @radix-ui/react-portal@1.1.3
420 silly packumentCache full:https://registry.npmjs.org/@radix-ui%2freact-portal cache-miss
421 http fetch GET 200 https://registry.npmjs.org/@radix-ui%2freact-use-layout-effect 353ms (cache miss)
422 silly packumentCache full:https://registry.npmjs.org/@radix-ui%2freact-use-layout-effect set size:undefined disposed:false
423 silly fetch manifest @radix-ui/react-focus-scope@1.1.1
424 silly packumentCache full:https://registry.npmjs.org/@radix-ui%2freact-focus-scope cache-miss
425 http fetch GET 200 https://registry.npmjs.org/@radix-ui%2freact-use-previous 171ms (cache miss)
426 silly packumentCache full:https://registry.npmjs.org/@radix-ui%2freact-use-previous set size:undefined disposed:false
427 silly fetch manifest @radix-ui/react-focus-guards@1.1.1
428 silly packumentCache full:https://registry.npmjs.org/@radix-ui%2freact-focus-guards cache-miss
429 http fetch GET 200 https://registry.npmjs.org/aria-hidden 105ms (cache miss)
430 silly packumentCache full:https://registry.npmjs.org/aria-hidden set size:undefined disposed:false
431 silly fetch manifest @radix-ui/react-dismissable-layer@1.1.3
432 silly packumentCache full:https://registry.npmjs.org/@radix-ui%2freact-dismissable-layer cache-miss
433 http fetch GET 200 https://registry.npmjs.org/@radix-ui%2freact-use-size 233ms (cache miss)
434 silly packumentCache full:https://registry.npmjs.org/@radix-ui%2freact-use-size set size:undefined disposed:false
435 silly fetch manifest @radix-ui/react-menu@2.1.4
436 silly packumentCache full:https://registry.npmjs.org/@radix-ui%2freact-menu cache-miss
437 http fetch GET 200 https://registry.npmjs.org/react-remove-scroll 169ms (cache miss)
438 silly packumentCache full:https://registry.npmjs.org/react-remove-scroll set size:undefined disposed:false
439 silly fetch manifest @radix-ui/react-popper@1.2.1
440 silly packumentCache full:https://registry.npmjs.org/@radix-ui%2freact-popper cache-miss
441 http fetch GET 200 https://registry.npmjs.org/@radix-ui%2freact-focus-scope 238ms (cache miss)
442 silly packumentCache full:https://registry.npmjs.org/@radix-ui%2freact-focus-scope set size:undefined disposed:false
443 silly fetch manifest @radix-ui/react-portal@1.1.3
444 silly packumentCache full:https://registry.npmjs.org/@radix-ui%2freact-portal cache-miss
445 http fetch GET 200 https://registry.npmjs.org/@radix-ui%2freact-focus-guards 400ms (cache miss)
446 silly packumentCache full:https://registry.npmjs.org/@radix-ui%2freact-focus-guards set size:undefined disposed:false
447 silly fetch manifest @radix-ui/react-dismissable-layer@1.1.3
448 silly packumentCache full:https://registry.npmjs.org/@radix-ui%2freact-dismissable-layer cache-miss
449 http fetch GET 200 https://registry.npmjs.org/@radix-ui%2freact-portal 459ms (cache miss)
450 silly packumentCache full:https://registry.npmjs.org/@radix-ui%2freact-portal set size:undefined disposed:false
451 silly fetch manifest @radix-ui/react-menu@2.1.4
452 silly packumentCache full:https://registry.npmjs.org/@radix-ui%2freact-menu cache-miss
453 http fetch GET 200 https://registry.npmjs.org/@radix-ui%2freact-popper 352ms (cache miss)
454 silly packumentCache full:https://registry.npmjs.org/@radix-ui%2freact-popper set size:undefined disposed:false
455 silly fetch manifest @radix-ui/react-roving-focus@1.1.1
456 silly packumentCache full:https://registry.npmjs.org/@radix-ui%2freact-roving-focus cache-miss
457 http fetch GET 200 https://registry.npmjs.org/@radix-ui%2freact-menu 669ms (cache miss)
458 silly packumentCache full:https://registry.npmjs.org/@radix-ui%2freact-menu set size:undefined disposed:false
459 silly fetch manifest @radix-ui/react-visually-hidden@1.1.1
460 silly packumentCache full:https://registry.npmjs.org/@radix-ui%2freact-visually-hidden cache-miss
461 http fetch GET 200 https://registry.npmjs.org/@radix-ui%2freact-menu 458ms (cache miss)
462 silly packumentCache full:https://registry.npmjs.org/@radix-ui%2freact-menu set size:undefined disposed:false
463 silly fetch manifest @radix-ui/react-dismissable-layer@1.1.3
464 silly packumentCache full:https://registry.npmjs.org/@radix-ui%2freact-dismissable-layer cache-miss
465 http fetch GET 200 https://registry.npmjs.org/scheduler 1208ms (cache miss)
466 silly packumentCache full:https://registry.npmjs.org/scheduler set size:undefined disposed:false
467 silly fetch manifest @radix-ui/react-dismissable-layer@1.1.3
468 silly packumentCache full:https://registry.npmjs.org/@radix-ui%2freact-dismissable-layer cache-miss
469 http fetch GET 200 https://registry.npmjs.org/@radix-ui%2freact-dismissable-layer 160ms (cache miss)
470 silly packumentCache full:https://registry.npmjs.org/@radix-ui%2freact-dismissable-layer set size:undefined disposed:false
471 silly fetch manifest @radix-ui/react-roving-focus@1.1.1
472 silly packumentCache full:https://registry.npmjs.org/@radix-ui%2freact-roving-focus cache-miss
473 http fetch GET 200 https://registry.npmjs.org/@radix-ui%2freact-use-layout-effect 741ms (cache miss)
474 silly packumentCache full:https://registry.npmjs.org/@radix-ui%2freact-use-layout-effect set size:undefined disposed:false
475 silly fetch manifest @radix-ui/number@1.1.0
476 silly packumentCache full:https://registry.npmjs.org/@radix-ui%2fnumber cache-miss
477 http fetch GET 200 https://registry.npmjs.org/@radix-ui%2freact-portal 668ms (cache miss)
478 silly packumentCache full:https://registry.npmjs.org/@radix-ui%2freact-portal set size:undefined disposed:false
479 silly fetch manifest @radix-ui/number@1.1.0
480 silly packumentCache full:https://registry.npmjs.org/@radix-ui%2fnumber cache-miss
481 http fetch GET 200 https://registry.npmjs.org/@radix-ui%2freact-dismissable-layer 381ms (cache miss)
482 silly packumentCache full:https://registry.npmjs.org/@radix-ui%2freact-dismissable-layer set size:undefined disposed:false
483 silly fetch manifest @radix-ui/react-visually-hidden@1.1.1
484 silly packumentCache full:https://registry.npmjs.org/@radix-ui%2freact-visually-hidden cache-miss
485 http fetch GET 200 https://registry.npmjs.org/@radix-ui%2freact-menu 468ms (cache miss)
486 silly packumentCache full:https://registry.npmjs.org/@radix-ui%2freact-menu set size:undefined disposed:false
487 silly fetch manifest @radix-ui/number@1.1.0
488 silly packumentCache full:https://registry.npmjs.org/@radix-ui%2fnumber cache-miss
489 http fetch GET 200 https://registry.npmjs.org/@radix-ui%2freact-visually-hidden 411ms (cache miss)
490 silly packumentCache full:https://registry.npmjs.org/@radix-ui%2freact-visually-hidden set size:undefined disposed:false
491 silly fetch manifest @radix-ui/react-roving-focus@1.1.1
492 silly packumentCache full:https://registry.npmjs.org/@radix-ui%2freact-roving-focus cache-miss
493 http fetch GET 200 https://registry.npmjs.org/@radix-ui%2fnumber 351ms (cache miss)
494 silly packumentCache full:https://registry.npmjs.org/@radix-ui%2fnumber set size:undefined disposed:false
495 silly fetch manifest @radix-ui/react-roving-focus@1.1.1
496 silly packumentCache full:https://registry.npmjs.org/@radix-ui%2freact-roving-focus cache-miss
497 http fetch GET 200 https://registry.npmjs.org/@radix-ui%2freact-roving-focus 434ms (cache miss)
498 silly packumentCache full:https://registry.npmjs.org/@radix-ui%2freact-roving-focus set size:undefined disposed:false
499 silly fetch manifest postcss@^8.5.16
500 silly packumentCache full:https://registry.npmjs.org/postcss cache-miss
501 http cache https://registry.npmjs.org/postcss 6ms (cache hit)
502 silly packumentCache full:https://registry.npmjs.org/postcss set size:766699 disposed:false
503 silly fetch manifest tailwindcss@4.3.3
504 silly packumentCache full:https://registry.npmjs.org/tailwindcss cache-miss
505 http cache https://registry.npmjs.org/tailwindcss 18ms (cache hit)
506 silly packumentCache full:https://registry.npmjs.org/tailwindcss set size:10893093 disposed:false
507 silly fetch manifest @alloc/quick-lru@^5.2.0
508 silly packumentCache full:https://registry.npmjs.org/@alloc%2fquick-lru cache-miss
509 http fetch GET 200 https://registry.npmjs.org/@radix-ui%2freact-roving-focus 450ms (cache miss)
510 silly packumentCache full:https://registry.npmjs.org/@radix-ui%2freact-roving-focus set size:undefined disposed:false
511 silly fetch manifest @tailwindcss/node@4.3.3
512 silly packumentCache full:https://registry.npmjs.org/@tailwindcss%2fnode cache-miss
513 http fetch GET 200 https://registry.npmjs.org/@radix-ui%2fnumber 121ms (cache miss)
514 silly packumentCache full:https://registry.npmjs.org/@radix-ui%2fnumber set size:undefined disposed:false
515 silly fetch manifest @tailwindcss/oxide@4.3.3
516 silly packumentCache full:https://registry.npmjs.org/@tailwindcss%2foxide cache-miss
517 http fetch GET 200 https://registry.npmjs.org/@radix-ui%2fnumber 132ms (cache miss)
518 silly packumentCache full:https://registry.npmjs.org/@radix-ui%2fnumber set size:undefined disposed:false
519 silly fetch manifest undici-types@~6.21.0
520 silly packumentCache full:https://registry.npmjs.org/undici-types cache-miss
521 http fetch GET 200 https://registry.npmjs.org/@radix-ui%2freact-dismissable-layer 1043ms (cache miss)
522 silly packumentCache full:https://registry.npmjs.org/@radix-ui%2freact-dismissable-layer set size:undefined disposed:false
523 silly fetch manifest csstype@^3.2.2
524 silly packumentCache full:https://registry.npmjs.org/csstype cache-miss
525 http fetch GET 200 https://registry.npmjs.org/@radix-ui%2freact-roving-focus 157ms (cache miss)
526 silly packumentCache full:https://registry.npmjs.org/@radix-ui%2freact-roving-focus set size:undefined disposed:false
527 silly fetch manifest server-only@^0.0.1
528 silly packumentCache full:https://registry.npmjs.org/server-only cache-miss
529 http fetch GET 200 https://registry.npmjs.org/@radix-ui%2freact-roving-focus 186ms (cache miss)
530 silly packumentCache full:https://registry.npmjs.org/@radix-ui%2freact-roving-focus set size:undefined disposed:false
531 silly fetch manifest picocolors@^1.1.1
532 silly packumentCache full:https://registry.npmjs.org/picocolors cache-miss
533 http fetch GET 200 https://registry.npmjs.org/@radix-ui%2freact-visually-hidden 211ms (cache miss)
534 silly packumentCache full:https://registry.npmjs.org/@radix-ui%2freact-visually-hidden set size:undefined disposed:false
535 silly fetch manifest fraction.js@^5.3.4
536 silly packumentCache full:https://registry.npmjs.org/fraction.js cache-miss
537 http fetch GET 200 https://registry.npmjs.org/@alloc%2fquick-lru 122ms (cache miss)
538 silly packumentCache full:https://registry.npmjs.org/@alloc%2fquick-lru set size:undefined disposed:false
539 silly fetch manifest browserslist@^4.28.9
540 silly packumentCache full:https://registry.npmjs.org/browserslist cache-miss
541 http fetch GET 200 https://registry.npmjs.org/@radix-ui%2freact-dismissable-layer 582ms (cache miss)
542 silly packumentCache full:https://registry.npmjs.org/@radix-ui%2freact-dismissable-layer set size:undefined disposed:false
543 silly fetch manifest caniuse-lite@^1.0.30001810
544 silly packumentCache full:https://registry.npmjs.org/caniuse-lite cache-miss
545 http fetch GET 200 https://registry.npmjs.org/server-only 56ms (cache miss)
546 silly packumentCache full:https://registry.npmjs.org/server-only set size:undefined disposed:false
547 silly fetch manifest postcss-value-parser@^4.2.0
548 silly packumentCache full:https://registry.npmjs.org/postcss-value-parser cache-miss
549 http fetch GET 200 https://registry.npmjs.org/undici-types 101ms (cache miss)
550 silly packumentCache full:https://registry.npmjs.org/undici-types set size:undefined disposed:false
551 silly fetch manifest nanoid@^3.3.18
552 silly packumentCache full:https://registry.npmjs.org/nanoid cache-miss
553 http fetch GET 200 https://registry.npmjs.org/picocolors 41ms (cache miss)
554 silly packumentCache full:https://registry.npmjs.org/picocolors set size:undefined disposed:false
555 silly fetch manifest source-map-js@^1.2.1
556 silly packumentCache full:https://registry.npmjs.org/source-map-js cache-miss
557 http fetch GET 200 https://registry.npmjs.org/csstype 154ms (cache miss)
558 silly packumentCache full:https://registry.npmjs.org/csstype set size:undefined disposed:false
559 silly fetch manifest @radix-ui/react-id@^1.1.0
560 silly packumentCache full:https://registry.npmjs.org/@radix-ui%2freact-id cache-miss
561 http cache https://registry.npmjs.org/@radix-ui%2freact-id 2ms (cache hit)
562 silly packumentCache full:https://registry.npmjs.org/@radix-ui%2freact-id set size:358699 disposed:false
563 silly fetch manifest use-sync-external-store@^1.2.2
564 silly packumentCache full:https://registry.npmjs.org/use-sync-external-store cache-miss
565 http fetch GET 200 https://registry.npmjs.org/postcss-value-parser 85ms (cache miss)
566 silly packumentCache full:https://registry.npmjs.org/postcss-value-parser set size:undefined disposed:false
567 silly fetch manifest @radix-ui/react-primitive@^2.0.0
568 silly packumentCache full:https://registry.npmjs.org/@radix-ui%2freact-primitive cache-miss
569 http cache https://registry.npmjs.org/@radix-ui%2freact-primitive 4ms (cache hit)
570 silly packumentCache full:https://registry.npmjs.org/@radix-ui%2freact-primitive set size:724066 disposed:false
571 silly fetch manifest embla-carousel@8.5.1
572 silly packumentCache full:https://registry.npmjs.org/embla-carousel cache-miss
573 http fetch GET 200 https://registry.npmjs.org/fraction.js 130ms (cache miss)
574 silly packumentCache full:https://registry.npmjs.org/fraction.js set size:undefined disposed:false
575 silly fetch manifest embla-carousel-reactive-utils@8.5.1
576 silly packumentCache full:https://registry.npmjs.org/embla-carousel-reactive-utils cache-miss
577 http fetch GET 200 https://registry.npmjs.org/nanoid 236ms (cache miss)
578 silly packumentCache full:https://registry.npmjs.org/nanoid set size:undefined disposed:false
579 silly fetch manifest tslib@^2.4.0
580 silly packumentCache full:https://registry.npmjs.org/tslib cache-miss
581 http fetch GET 200 https://registry.npmjs.org/source-map-js 236ms (cache miss)
582 silly packumentCache full:https://registry.npmjs.org/source-map-js set size:undefined disposed:false
583 silly fetch manifest motion-dom@^13.4.4
584 silly packumentCache full:https://registry.npmjs.org/motion-dom cache-miss
585 http fetch GET 200 https://registry.npmjs.org/embla-carousel-reactive-utils 147ms (cache miss)
586 silly packumentCache full:https://registry.npmjs.org/embla-carousel-reactive-utils set size:undefined disposed:false
587 silly fetch manifest motion-utils@^13.3.0
588 silly packumentCache full:https://registry.npmjs.org/motion-utils cache-miss
589 http fetch GET 200 https://registry.npmjs.org/browserslist 272ms (cache miss)
590 silly packumentCache full:https://registry.npmjs.org/browserslist set size:undefined disposed:false
591 silly fetch manifest postcss@8.4.31
592 silly packumentCache full:https://registry.npmjs.org/postcss cache-hit
593 silly fetch manifest @next/env@16.0.10
594 silly packumentCache full:https://registry.npmjs.org/@next%2fenv cache-miss
595 http fetch GET 200 https://registry.npmjs.org/@tailwindcss%2fnode 391ms (cache miss)
596 silly packumentCache full:https://registry.npmjs.org/@tailwindcss%2fnode set size:undefined disposed:false
597 silly fetch manifest styled-jsx@5.1.6
598 silly packumentCache full:https://registry.npmjs.org/styled-jsx cache-miss
599 http fetch GET 200 https://registry.npmjs.org/embla-carousel 198ms (cache miss)
600 silly packumentCache full:https://registry.npmjs.org/embla-carousel set size:undefined disposed:false
601 silly fetch manifest @swc/helpers@0.5.15
602 silly packumentCache full:https://registry.npmjs.org/@swc%2fhelpers cache-miss
603 http fetch GET 200 https://registry.npmjs.org/motion-utils 94ms (cache miss)
604 silly packumentCache full:https://registry.npmjs.org/motion-utils set size:undefined disposed:false
605 silly fetch manifest caniuse-lite@^1.0.30001579
606 silly packumentCache full:https://registry.npmjs.org/caniuse-lite cache-miss
607 http fetch GET 200 https://registry.npmjs.org/tslib 133ms (cache miss)
608 silly packumentCache full:https://registry.npmjs.org/tslib set size:undefined disposed:false
609 silly fetch manifest sharp@^0.34.4
610 silly packumentCache full:https://registry.npmjs.org/sharp cache-miss
611 http fetch GET 200 https://registry.npmjs.org/motion-dom 160ms (cache miss)
612 silly packumentCache full:https://registry.npmjs.org/motion-dom set size:undefined disposed:false
613 silly fetch manifest @next/swc-darwin-x64@16.0.10
614 silly packumentCache full:https://registry.npmjs.org/@next%2fswc-darwin-x64 cache-miss
615 http fetch GET 200 https://registry.npmjs.org/@swc%2fhelpers 134ms (cache miss)
616 silly packumentCache full:https://registry.npmjs.org/@swc%2fhelpers set size:undefined disposed:false
617 silly fetch manifest @next/swc-darwin-arm64@16.0.10
618 silly packumentCache full:https://registry.npmjs.org/@next%2fswc-darwin-arm64 cache-miss
619 http fetch GET 200 https://registry.npmjs.org/styled-jsx 187ms (cache miss)
620 silly packumentCache full:https://registry.npmjs.org/styled-jsx set size:undefined disposed:false
621 silly fetch manifest @next/swc-linux-x64-gnu@16.0.10
622 silly packumentCache full:https://registry.npmjs.org/@next%2fswc-linux-x64-gnu cache-miss
623 http fetch GET 200 https://registry.npmjs.org/caniuse-lite 479ms (cache miss)
624 silly packumentCache full:https://registry.npmjs.org/caniuse-lite set size:undefined disposed:false
625 silly fetch manifest @next/swc-linux-x64-musl@16.0.10
626 silly packumentCache full:https://registry.npmjs.org/@next%2fswc-linux-x64-musl cache-miss
627 http fetch GET 200 https://registry.npmjs.org/@tailwindcss%2foxide 637ms (cache miss)
628 silly packumentCache full:https://registry.npmjs.org/@tailwindcss%2foxide set size:undefined disposed:false
629 silly fetch manifest @next/swc-win32-x64-msvc@16.0.10
630 silly packumentCache full:https://registry.npmjs.org/@next%2fswc-win32-x64-msvc cache-miss
631 http fetch GET 200 https://registry.npmjs.org/sharp 192ms (cache miss)
632 silly packumentCache full:https://registry.npmjs.org/sharp set size:undefined disposed:false
633 silly fetch manifest @next/swc-linux-arm64-gnu@16.0.10
634 silly packumentCache full:https://registry.npmjs.org/@next%2fswc-linux-arm64-gnu cache-miss
635 http fetch GET 200 https://registry.npmjs.org/caniuse-lite 670ms (cache miss)
636 silly packumentCache full:https://registry.npmjs.org/caniuse-lite set size:undefined disposed:false
637 silly fetch manifest @next/swc-linux-arm64-musl@16.0.10
638 silly packumentCache full:https://registry.npmjs.org/@next%2fswc-linux-arm64-musl cache-miss
639 http fetch GET 200 https://registry.npmjs.org/@next%2fswc-darwin-arm64 1055ms (cache miss)
640 silly packumentCache full:https://registry.npmjs.org/@next%2fswc-darwin-arm64 set size:undefined disposed:false
641 silly fetch manifest @next/swc-win32-arm64-msvc@16.0.10
642 silly packumentCache full:https://registry.npmjs.org/@next%2fswc-win32-arm64-msvc cache-miss
643 http fetch GET 200 https://registry.npmjs.org/@next%2fswc-linux-x64-musl 1177ms (cache miss)
644 silly packumentCache full:https://registry.npmjs.org/@next%2fswc-linux-x64-musl set size:undefined disposed:false
645 silly fetch manifest @date-fns/tz@1.2.0
646 silly packumentCache full:https://registry.npmjs.org/@date-fns%2ftz cache-miss
647 http fetch GET 200 https://registry.npmjs.org/use-sync-external-store 1851ms (cache miss)
648 silly packumentCache full:https://registry.npmjs.org/use-sync-external-store set size:undefined disposed:false
649 silly fetch manifest date-fns-jalali@4.1.0-0
650 silly packumentCache full:https://registry.npmjs.org/date-fns-jalali cache-miss
651 http fetch GET 200 https://registry.npmjs.org/@date-fns%2ftz 284ms (cache miss)
652 silly packumentCache full:https://registry.npmjs.org/@date-fns%2ftz set size:undefined disposed:false
653 silly fetch manifest lodash@^4.17.21
654 silly packumentCache full:https://registry.npmjs.org/lodash cache-miss
655 http fetch GET 200 https://registry.npmjs.org/@next%2fswc-linux-x64-gnu 1569ms (cache miss)
656 silly packumentCache full:https://registry.npmjs.org/@next%2fswc-linux-x64-gnu set size:undefined disposed:false
657 silly fetch manifest react-is@^18.3.1
658 silly packumentCache full:https://registry.npmjs.org/react-is cache-miss
659 http fetch GET 200 https://registry.npmjs.org/@next%2fswc-win32-x64-msvc 1560ms (cache miss)
660 silly packumentCache full:https://registry.npmjs.org/@next%2fswc-win32-x64-msvc set size:undefined disposed:false
661 silly fetch manifest react-smooth@^4.0.4
662 silly packumentCache full:https://registry.npmjs.org/react-smooth cache-miss
663 http fetch GET 200 https://registry.npmjs.org/lodash 217ms (cache miss)
664 silly packumentCache full:https://registry.npmjs.org/lodash set size:undefined disposed:false
665 silly fetch manifest eventemitter3@^4.0.1
666 silly packumentCache full:https://registry.npmjs.org/eventemitter3 cache-miss
667 http fetch GET 200 https://registry.npmjs.org/react-smooth 230ms (cache miss)
668 silly packumentCache full:https://registry.npmjs.org/react-smooth set size:undefined disposed:false
669 silly fetch manifest recharts-scale@^0.4.4
670 silly packumentCache full:https://registry.npmjs.org/recharts-scale cache-miss
671 http fetch GET 200 https://registry.npmjs.org/eventemitter3 156ms (cache miss)
672 silly packumentCache full:https://registry.npmjs.org/eventemitter3 set size:undefined disposed:false
673 silly fetch manifest tiny-invariant@^1.3.1
674 silly packumentCache full:https://registry.npmjs.org/tiny-invariant cache-miss
675 http fetch GET 200 https://registry.npmjs.org/@next%2fswc-linux-arm64-musl 1320ms (cache miss)
676 silly packumentCache full:https://registry.npmjs.org/@next%2fswc-linux-arm64-musl set size:undefined disposed:false
677 silly fetch manifest victory-vendor@^36.6.8
678 silly packumentCache full:https://registry.npmjs.org/victory-vendor cache-miss
679 http fetch GET 200 https://registry.npmjs.org/tiny-invariant 69ms (cache miss)
680 silly packumentCache full:https://registry.npmjs.org/tiny-invariant set size:undefined disposed:false
681 http fetch GET 200 https://registry.npmjs.org/victory-vendor 156ms (cache miss)
682 silly packumentCache full:https://registry.npmjs.org/victory-vendor set size:undefined disposed:false
683 http fetch GET 200 https://registry.npmjs.org/@next%2fswc-win32-arm64-msvc 1102ms (cache miss)
684 silly packumentCache full:https://registry.npmjs.org/@next%2fswc-win32-arm64-msvc set size:undefined disposed:false
685 http fetch GET 200 https://registry.npmjs.org/recharts-scale 362ms (cache miss)
686 silly packumentCache full:https://registry.npmjs.org/recharts-scale set size:undefined disposed:false
687 http fetch GET 200 https://registry.npmjs.org/date-fns-jalali 759ms (cache miss)
688 silly packumentCache full:https://registry.npmjs.org/date-fns-jalali set size:undefined disposed:false
689 http fetch GET 200 https://registry.npmjs.org/@next%2fswc-darwin-x64 2660ms (cache miss)
690 silly packumentCache full:https://registry.npmjs.org/@next%2fswc-darwin-x64 set size:undefined disposed:false
691 http fetch GET 200 https://registry.npmjs.org/@next%2fenv 2991ms (cache miss)
692 silly packumentCache full:https://registry.npmjs.org/@next%2fenv set size:undefined disposed:false
693 http fetch GET 200 https://registry.npmjs.org/react-is 1381ms (cache miss)
694 silly packumentCache full:https://registry.npmjs.org/react-is set size:undefined disposed:false
695 http fetch GET 200 https://registry.npmjs.org/@next%2fswc-linux-arm64-gnu 3106ms (cache miss)
696 silly packumentCache full:https://registry.npmjs.org/@next%2fswc-linux-arm64-gnu set size:undefined disposed:false
697 silly fetch manifest @types/react@*
698 silly packumentCache full:https://registry.npmjs.org/@types%2freact cache-miss
699 http cache https://registry.npmjs.org/@types%2freact 18ms (cache hit)
700 silly packumentCache full:https://registry.npmjs.org/@types%2freact set size:2642161 disposed:false
701 silly fetch manifest react@^16.8 || ^17.0 || ^18.0 || ^19.0 || ^19.0.0-rc
702 silly packumentCache full:https://registry.npmjs.org/react cache-miss
703 http cache https://registry.npmjs.org/react 10ms (cache hit)
704 silly packumentCache full:https://registry.npmjs.org/react set size:7006748 disposed:false
705 silly fetch manifest @types/react-dom@*
706 silly packumentCache full:https://registry.npmjs.org/@types%2freact-dom cache-miss
707 http cache https://registry.npmjs.org/@types%2freact-dom 4ms (cache hit)
708 silly packumentCache full:https://registry.npmjs.org/@types%2freact-dom set size:444872 disposed:false
709 silly fetch manifest react-dom@^16.8 || ^17.0 || ^18.0 || ^19.0 || ^19.0.0-rc
710 silly packumentCache full:https://registry.npmjs.org/react-dom cache-miss
711 http cache https://registry.npmjs.org/react-dom 16ms (cache hit)
712 silly packumentCache full:https://registry.npmjs.org/react-dom set size:9440025 disposed:false
713 silly placeDep ROOT @radix-ui/primitive@1.1.1 OK for: @radix-ui/react-accordion@1.2.2 want: 1.1.1
714 silly placeDep ROOT @radix-ui/react-collection@1.1.1 OK for: @radix-ui/react-accordion@1.2.2 want: 1.1.1
715 silly placeDep ROOT @radix-ui/react-compose-refs@1.1.1 OK for: @radix-ui/react-accordion@1.2.2 want: 1.1.1
716 silly placeDep ROOT @radix-ui/react-context@1.1.1 OK for: @radix-ui/react-accordion@1.2.2 want: 1.1.1
717 silly placeDep ROOT @radix-ui/react-direction@1.1.0 OK for: @radix-ui/react-accordion@1.2.2 want: 1.1.0
718 silly placeDep ROOT @radix-ui/react-id@1.1.0 OK for: @radix-ui/react-accordion@1.2.2 want: 1.1.0
719 silly placeDep ROOT @radix-ui/react-primitive@2.0.1 OK for: @radix-ui/react-accordion@1.2.2 want: 2.0.1
720 silly placeDep ROOT @radix-ui/react-use-controllable-state@1.1.0 OK for: @radix-ui/react-accordion@1.2.2 want: 1.1.0
721 silly placeDep ROOT @radix-ui/react-use-callback-ref@1.1.0 OK for: @radix-ui/react-avatar@1.1.2 want: 1.1.0
722 silly placeDep ROOT @radix-ui/react-use-layout-effect@1.1.0 OK for: @radix-ui/react-avatar@1.1.2 want: 1.1.0
723 silly placeDep ROOT @radix-ui/react-presence@1.1.2 OK for: @radix-ui/react-checkbox@1.1.3 want: 1.1.2
724 silly placeDep ROOT @radix-ui/react-use-previous@1.1.0 OK for: @radix-ui/react-checkbox@1.1.3 want: 1.1.0
725 silly placeDep ROOT @radix-ui/react-use-size@1.1.0 OK for: @radix-ui/react-checkbox@1.1.3 want: 1.1.0
726 silly placeDep ROOT @radix-ui/react-menu@2.1.4 OK for: @radix-ui/react-context-menu@2.2.4 want: 2.1.4
727 silly placeDep ROOT @radix-ui/react-dismissable-layer@1.1.3 OK for: @radix-ui/react-dialog@1.1.4 want: 1.1.3
728 silly placeDep ROOT @radix-ui/react-focus-guards@1.1.1 OK for: @radix-ui/react-dialog@1.1.4 want: 1.1.1
729 silly placeDep ROOT @radix-ui/react-focus-scope@1.1.1 OK for: @radix-ui/react-dialog@1.1.4 want: 1.1.1
730 silly placeDep ROOT @radix-ui/react-portal@1.1.3 OK for: @radix-ui/react-dialog@1.1.4 want: 1.1.3
731 silly placeDep ROOT aria-hidden@1.2.6 OK for: @radix-ui/react-dialog@1.1.4 want: ^1.1.1
732 silly placeDep ROOT react-remove-scroll@2.7.2 OK for: @radix-ui/react-dialog@1.1.4 want: ^2.6.1
733 silly fetch manifest @radix-ui/react-use-escape-keydown@1.1.0
734 silly packumentCache full:https://registry.npmjs.org/@radix-ui%2freact-use-escape-keydown cache-miss
735 silly fetch manifest tslib@^2.0.0
736 silly packumentCache full:https://registry.npmjs.org/tslib cache-miss
737 silly fetch manifest react-remove-scroll-bar@^2.3.7
738 silly packumentCache full:https://registry.npmjs.org/react-remove-scroll-bar cache-miss
739 silly fetch manifest react-style-singleton@^2.2.3
740 silly packumentCache full:https://registry.npmjs.org/react-style-singleton cache-miss
741 silly fetch manifest tslib@^2.1.0
742 silly packumentCache full:https://registry.npmjs.org/tslib cache-miss
743 silly fetch manifest use-callback-ref@^1.3.3
744 silly packumentCache full:https://registry.npmjs.org/use-callback-ref cache-miss
745 silly fetch manifest use-sidecar@^1.1.3
746 silly packumentCache full:https://registry.npmjs.org/use-sidecar cache-miss
747 http cache https://registry.npmjs.org/tslib 6ms (cache hit)
748 silly packumentCache full:https://registry.npmjs.org/tslib set size:108843 disposed:false
749 http cache https://registry.npmjs.org/tslib 7ms (cache hit)
750 silly packumentCache full:https://registry.npmjs.org/tslib set size:108843 disposed:false
751 silly packumentCache full:https://registry.npmjs.org/tslib dispose
752 http fetch GET 200 https://registry.npmjs.org/use-callback-ref 70ms (cache miss)
753 silly packumentCache full:https://registry.npmjs.org/use-callback-ref set size:undefined disposed:false
754 http fetch GET 200 https://registry.npmjs.org/use-sidecar 73ms (cache miss)
755 silly packumentCache full:https://registry.npmjs.org/use-sidecar set size:undefined disposed:false
756 http fetch GET 200 https://registry.npmjs.org/react-remove-scroll-bar 74ms (cache miss)
757 silly packumentCache full:https://registry.npmjs.org/react-remove-scroll-bar set size:undefined disposed:false
758 http fetch GET 200 https://registry.npmjs.org/@radix-ui%2freact-use-escape-keydown 117ms (cache miss)
759 silly packumentCache full:https://registry.npmjs.org/@radix-ui%2freact-use-escape-keydown set size:undefined disposed:false
760 http fetch GET 200 https://registry.npmjs.org/react-style-singleton 309ms (cache miss)
761 silly packumentCache full:https://registry.npmjs.org/react-style-singleton set size:undefined disposed:false
762 silly placeDep ROOT @radix-ui/react-use-escape-keydown@1.1.0 OK for: @radix-ui/react-dismissable-layer@1.1.3 want: 1.1.0
763 silly placeDep ROOT @radix-ui/react-popper@1.2.1 OK for: @radix-ui/react-hover-card@1.1.4 want: 1.2.1
764 silly fetch manifest @radix-ui/rect@1.1.0
765 silly packumentCache full:https://registry.npmjs.org/@radix-ui%2frect cache-miss
766 silly fetch manifest @radix-ui/react-arrow@1.1.1
767 silly packumentCache full:https://registry.npmjs.org/@radix-ui%2freact-arrow cache-miss
768 silly fetch manifest @floating-ui/react-dom@^2.0.0
769 silly packumentCache full:https://registry.npmjs.org/@floating-ui%2freact-dom cache-miss
770 silly fetch manifest @radix-ui/react-use-rect@1.1.0
771 silly packumentCache full:https://registry.npmjs.org/@radix-ui%2freact-use-rect cache-miss
772 http fetch GET 200 https://registry.npmjs.org/@radix-ui%2freact-use-rect 273ms (cache miss)
773 silly packumentCache full:https://registry.npmjs.org/@radix-ui%2freact-use-rect set size:undefined disposed:false
774 http fetch GET 200 https://registry.npmjs.org/@radix-ui%2freact-arrow 279ms (cache miss)
775 silly packumentCache full:https://registry.npmjs.org/@radix-ui%2freact-arrow set size:undefined disposed:false
776 http fetch GET 200 https://registry.npmjs.org/@radix-ui%2frect 363ms (cache miss)
777 silly packumentCache full:https://registry.npmjs.org/@radix-ui%2frect set size:undefined disposed:false
778 http fetch GET 200 https://registry.npmjs.org/@floating-ui%2freact-dom 599ms (cache miss)
779 silly packumentCache full:https://registry.npmjs.org/@floating-ui%2freact-dom set size:undefined disposed:false
780 silly placeDep ROOT @radix-ui/react-roving-focus@1.1.1 OK for: @radix-ui/react-menu@2.1.4 want: 1.1.1
781 silly placeDep ROOT @radix-ui/react-visually-hidden@1.1.1 OK for: @radix-ui/react-navigation-menu@1.2.3 want: 1.1.1
782 silly placeDep ROOT @floating-ui/react-dom@2.1.9 OK for: @radix-ui/react-popper@1.2.1 want: ^2.0.0
783 silly placeDep ROOT @radix-ui/react-arrow@1.1.1 OK for: @radix-ui/react-popper@1.2.1 want: 1.1.1
784 silly placeDep ROOT @radix-ui/react-use-rect@1.1.0 OK for: @radix-ui/react-popper@1.2.1 want: 1.1.0
785 silly placeDep ROOT @radix-ui/rect@1.1.0 OK for: @radix-ui/react-popper@1.2.1 want: 1.1.0
786 silly fetch manifest @floating-ui/dom@^1.8.0
787 silly packumentCache full:https://registry.npmjs.org/@floating-ui%2fdom cache-miss
788 http fetch GET 200 https://registry.npmjs.org/@floating-ui%2fdom 644ms (cache miss)
789 silly packumentCache full:https://registry.npmjs.org/@floating-ui%2fdom set size:undefined disposed:false
790 silly placeDep ROOT @floating-ui/dom@1.8.0 OK for: @floating-ui/react-dom@2.1.9 want: ^1.8.0
791 silly fetch manifest @floating-ui/core@^1.8.0
792 silly packumentCache full:https://registry.npmjs.org/@floating-ui%2fcore cache-miss
793 silly fetch manifest @floating-ui/utils@^0.2.12
794 silly packumentCache full:https://registry.npmjs.org/@floating-ui%2futils cache-miss
795 http fetch GET 200 https://registry.npmjs.org/@floating-ui%2futils 281ms (cache miss)
796 silly packumentCache full:https://registry.npmjs.org/@floating-ui%2futils set size:undefined disposed:false
797 http fetch GET 200 https://registry.npmjs.org/@floating-ui%2fcore 332ms (cache miss)
798 silly packumentCache full:https://registry.npmjs.org/@floating-ui%2fcore set size:undefined disposed:false
799 silly placeDep ROOT @floating-ui/core@1.8.0 OK for: @floating-ui/dom@1.8.0 want: ^1.8.0
800 silly placeDep ROOT @floating-ui/utils@0.2.12 OK for: @floating-ui/dom@1.8.0 want: ^0.2.12
801 silly placeDep ROOT @radix-ui/number@1.1.0 OK for: @radix-ui/react-scroll-area@1.2.2 want: 1.1.0
802 silly placeDep ROOT @alloc/quick-lru@5.3.0 OK for: @tailwindcss/postcss@4.3.3 want: ^5.2.0
803 silly placeDep ROOT @tailwindcss/node@4.3.3 OK for: @tailwindcss/postcss@4.3.3 want: 4.3.3
804 silly placeDep ROOT @tailwindcss/oxide@4.3.3 OK for: @tailwindcss/postcss@4.3.3 want: 4.3.3
805 silly fetch manifest jiti@^2.7.0
806 silly packumentCache full:https://registry.npmjs.org/jiti cache-miss
807 silly fetch manifest lightningcss@1.32.0
808 silly packumentCache full:https://registry.npmjs.org/lightningcss cache-miss
809 silly fetch manifest magic-string@^0.30.21
810 silly packumentCache full:https://registry.npmjs.org/magic-string cache-miss
811 silly fetch manifest enhanced-resolve@^5.24.1
812 silly packumentCache full:https://registry.npmjs.org/enhanced-resolve cache-miss
813 silly fetch manifest @jridgewell/remapping@^2.3.5
814 silly packumentCache full:https://registry.npmjs.org/@jridgewell%2fremapping cache-miss
815 silly fetch manifest @tailwindcss/oxide-darwin-x64@4.3.3
816 silly packumentCache full:https://registry.npmjs.org/@tailwindcss%2foxide-darwin-x64 cache-miss
817 silly fetch manifest @tailwindcss/oxide-freebsd-x64@4.3.3
818 silly packumentCache full:https://registry.npmjs.org/@tailwindcss%2foxide-freebsd-x64 cache-miss
819 silly fetch manifest @tailwindcss/oxide-wasm32-wasi@4.3.3
820 silly packumentCache full:https://registry.npmjs.org/@tailwindcss%2foxide-wasm32-wasi cache-miss
821 silly fetch manifest @tailwindcss/oxide-darwin-arm64@4.3.3
822 silly packumentCache full:https://registry.npmjs.org/@tailwindcss%2foxide-darwin-arm64 cache-miss
823 http fetch GET 200 https://registry.npmjs.org/@jridgewell%2fremapping 86ms (cache miss)
824 silly packumentCache full:https://registry.npmjs.org/@jridgewell%2fremapping set size:undefined disposed:false
825 silly fetch manifest @tailwindcss/oxide-android-arm64@4.3.3
826 silly packumentCache full:https://registry.npmjs.org/@tailwindcss%2foxide-android-arm64 cache-miss
827 http fetch GET 200 https://registry.npmjs.org/lightningcss 188ms (cache miss)
828 silly packumentCache full:https://registry.npmjs.org/lightningcss set size:undefined disposed:false
829 silly fetch manifest @tailwindcss/oxide-linux-x64-gnu@4.3.3
830 silly packumentCache full:https://registry.npmjs.org/@tailwindcss%2foxide-linux-x64-gnu cache-miss
831 http fetch GET 200 https://registry.npmjs.org/jiti 201ms (cache miss)
832 silly packumentCache full:https://registry.npmjs.org/jiti set size:undefined disposed:false
833 silly fetch manifest @tailwindcss/oxide-linux-x64-musl@4.3.3
834 silly packumentCache full:https://registry.npmjs.org/@tailwindcss%2foxide-linux-x64-musl cache-miss
835 http fetch GET 200 https://registry.npmjs.org/enhanced-resolve 205ms (cache miss)
836 silly packumentCache full:https://registry.npmjs.org/enhanced-resolve set size:undefined disposed:false
837 silly fetch manifest @tailwindcss/oxide-win32-x64-msvc@4.3.3
838 silly packumentCache full:https://registry.npmjs.org/@tailwindcss%2foxide-win32-x64-msvc cache-miss
839 http fetch GET 200 https://registry.npmjs.org/magic-string 250ms (cache miss)
840 silly packumentCache full:https://registry.npmjs.org/magic-string set size:undefined disposed:false
841 silly fetch manifest @tailwindcss/oxide-linux-arm64-gnu@4.3.3
842 silly packumentCache full:https://registry.npmjs.org/@tailwindcss%2foxide-linux-arm64-gnu cache-miss
843 http fetch GET 200 https://registry.npmjs.org/@tailwindcss%2foxide-wasm32-wasi 569ms (cache miss)
844 silly packumentCache full:https://registry.npmjs.org/@tailwindcss%2foxide-wasm32-wasi set size:undefined disposed:false
845 silly fetch manifest @tailwindcss/oxide-linux-arm64-musl@4.3.3
846 silly packumentCache full:https://registry.npmjs.org/@tailwindcss%2foxide-linux-arm64-musl cache-miss
847 http fetch GET 200 https://registry.npmjs.org/@tailwindcss%2foxide-darwin-arm64 588ms (cache miss)
848 silly packumentCache full:https://registry.npmjs.org/@tailwindcss%2foxide-darwin-arm64 set size:undefined disposed:false
849 silly fetch manifest @tailwindcss/oxide-win32-arm64-msvc@4.3.3
850 silly packumentCache full:https://registry.npmjs.org/@tailwindcss%2foxide-win32-arm64-msvc cache-miss
851 http fetch GET 200 https://registry.npmjs.org/@tailwindcss%2foxide-darwin-x64 721ms (cache miss)
852 silly packumentCache full:https://registry.npmjs.org/@tailwindcss%2foxide-darwin-x64 set size:undefined disposed:false
853 silly fetch manifest @tailwindcss/oxide-linux-arm-gnueabihf@4.3.3
854 silly packumentCache full:https://registry.npmjs.org/@tailwindcss%2foxide-linux-arm-gnueabihf cache-miss
855 http fetch GET 200 https://registry.npmjs.org/@tailwindcss%2foxide-linux-x64-gnu 593ms (cache miss)
856 silly packumentCache full:https://registry.npmjs.org/@tailwindcss%2foxide-linux-x64-gnu set size:undefined disposed:false
857 http fetch GET 200 https://registry.npmjs.org/@tailwindcss%2foxide-freebsd-x64 801ms (cache miss)
858 silly packumentCache full:https://registry.npmjs.org/@tailwindcss%2foxide-freebsd-x64 set size:undefined disposed:false
859 http fetch GET 200 https://registry.npmjs.org/@tailwindcss%2foxide-linux-x64-musl 656ms (cache miss)
860 silly packumentCache full:https://registry.npmjs.org/@tailwindcss%2foxide-linux-x64-musl set size:undefined disposed:false
861 http fetch GET 200 https://registry.npmjs.org/@tailwindcss%2foxide-win32-x64-msvc 699ms (cache miss)
862 silly packumentCache full:https://registry.npmjs.org/@tailwindcss%2foxide-win32-x64-msvc set size:undefined disposed:false
863 http fetch GET 200 https://registry.npmjs.org/@tailwindcss%2foxide-android-arm64 832ms (cache miss)
864 silly packumentCache full:https://registry.npmjs.org/@tailwindcss%2foxide-android-arm64 set size:undefined disposed:false
865 http fetch GET 200 https://registry.npmjs.org/@tailwindcss%2foxide-linux-arm64-musl 683ms (cache miss)
866 silly packumentCache full:https://registry.npmjs.org/@tailwindcss%2foxide-linux-arm64-musl set size:undefined disposed:false
867 http fetch GET 200 https://registry.npmjs.org/@tailwindcss%2foxide-win32-arm64-msvc 678ms (cache miss)
868 silly packumentCache full:https://registry.npmjs.org/@tailwindcss%2foxide-win32-arm64-msvc set size:undefined disposed:false
869 http fetch GET 200 https://registry.npmjs.org/@tailwindcss%2foxide-linux-arm-gnueabihf 583ms (cache miss)
870 silly packumentCache full:https://registry.npmjs.org/@tailwindcss%2foxide-linux-arm-gnueabihf set size:undefined disposed:false
871 http fetch GET 200 https://registry.npmjs.org/@tailwindcss%2foxide-linux-arm64-gnu 1291ms (cache miss)
872 silly packumentCache full:https://registry.npmjs.org/@tailwindcss%2foxide-linux-arm64-gnu set size:undefined disposed:false
873 silly placeDep ROOT @jridgewell/remapping@2.3.5 OK for: @tailwindcss/node@4.3.3 want: ^2.3.5
874 silly placeDep ROOT enhanced-resolve@5.25.1 OK for: @tailwindcss/node@4.3.3 want: ^5.24.1
875 silly placeDep ROOT jiti@2.7.0 OK for: @tailwindcss/node@4.3.3 want: ^2.7.0
876 silly placeDep ROOT lightningcss@1.32.0 OK for: @tailwindcss/node@4.3.3 want: 1.32.0
877 silly placeDep ROOT magic-string@0.30.21 OK for: @tailwindcss/node@4.3.3 want: ^0.30.21
878 silly placeDep ROOT source-map-js@1.2.1 OK for: @tailwindcss/node@4.3.3 want: ^1.2.1
879 silly fetch manifest @jridgewell/gen-mapping@^0.3.5
880 silly packumentCache full:https://registry.npmjs.org/@jridgewell%2fgen-mapping cache-miss
881 silly fetch manifest @jridgewell/trace-mapping@^0.3.24
882 silly packumentCache full:https://registry.npmjs.org/@jridgewell%2ftrace-mapping cache-miss
883 silly fetch manifest tapable@^2.3.3
884 silly packumentCache full:https://registry.npmjs.org/tapable cache-miss
885 silly fetch manifest graceful-fs@^4.2.4
886 silly packumentCache full:https://registry.npmjs.org/graceful-fs cache-miss
887 silly fetch manifest detect-libc@^2.0.3
888 silly packumentCache full:https://registry.npmjs.org/detect-libc cache-miss
889 silly fetch manifest lightningcss-darwin-x64@1.32.0
890 silly packumentCache full:https://registry.npmjs.org/lightningcss-darwin-x64 cache-miss
891 silly fetch manifest lightningcss-freebsd-x64@1.32.0
892 silly packumentCache full:https://registry.npmjs.org/lightningcss-freebsd-x64 cache-miss
893 silly fetch manifest lightningcss-darwin-arm64@1.32.0
894 silly packumentCache full:https://registry.npmjs.org/lightningcss-darwin-arm64 cache-miss
895 silly fetch manifest lightningcss-android-arm64@1.32.0
896 silly packumentCache full:https://registry.npmjs.org/lightningcss-android-arm64 cache-miss
897 http fetch GET 200 https://registry.npmjs.org/lightningcss-android-arm64 41ms (cache miss)
898 silly packumentCache full:https://registry.npmjs.org/lightningcss-android-arm64 set size:undefined disposed:false
899 silly fetch manifest lightningcss-linux-x64-gnu@1.32.0
900 silly packumentCache full:https://registry.npmjs.org/lightningcss-linux-x64-gnu cache-miss
901 http fetch GET 200 https://registry.npmjs.org/lightningcss-freebsd-x64 48ms (cache miss)
902 silly packumentCache full:https://registry.npmjs.org/lightningcss-freebsd-x64 set size:undefined disposed:false
903 silly fetch manifest lightningcss-linux-x64-musl@1.32.0
904 silly packumentCache full:https://registry.npmjs.org/lightningcss-linux-x64-musl cache-miss
905 http fetch GET 200 https://registry.npmjs.org/lightningcss-darwin-x64 56ms (cache miss)
906 silly packumentCache full:https://registry.npmjs.org/lightningcss-darwin-x64 set size:undefined disposed:false
907 silly fetch manifest lightningcss-win32-x64-msvc@1.32.0
908 silly packumentCache full:https://registry.npmjs.org/lightningcss-win32-x64-msvc cache-miss
909 http fetch GET 200 https://registry.npmjs.org/detect-libc 58ms (cache miss)
910 silly packumentCache full:https://registry.npmjs.org/detect-libc set size:undefined disposed:false
911 silly fetch manifest lightningcss-linux-arm64-gnu@1.32.0
912 silly packumentCache full:https://registry.npmjs.org/lightningcss-linux-arm64-gnu cache-miss
913 http fetch GET 200 https://registry.npmjs.org/lightningcss-darwin-arm64 59ms (cache miss)
914 silly packumentCache full:https://registry.npmjs.org/lightningcss-darwin-arm64 set size:undefined disposed:false
915 silly fetch manifest lightningcss-linux-arm64-musl@1.32.0
916 silly packumentCache full:https://registry.npmjs.org/lightningcss-linux-arm64-musl cache-miss
917 http fetch GET 200 https://registry.npmjs.org/tapable 65ms (cache miss)
918 silly packumentCache full:https://registry.npmjs.org/tapable set size:undefined disposed:false
919 silly fetch manifest lightningcss-win32-arm64-msvc@1.32.0
920 silly packumentCache full:https://registry.npmjs.org/lightningcss-win32-arm64-msvc cache-miss
921 http fetch GET 200 https://registry.npmjs.org/@jridgewell%2fgen-mapping 67ms (cache miss)
922 silly packumentCache full:https://registry.npmjs.org/@jridgewell%2fgen-mapping set size:undefined disposed:false
923 silly fetch manifest lightningcss-linux-arm-gnueabihf@1.32.0
924 silly packumentCache full:https://registry.npmjs.org/lightningcss-linux-arm-gnueabihf cache-miss
925 http fetch GET 200 https://registry.npmjs.org/@jridgewell%2ftrace-mapping 74ms (cache miss)
926 silly packumentCache full:https://registry.npmjs.org/@jridgewell%2ftrace-mapping set size:undefined disposed:false
927 silly fetch manifest @jridgewell/sourcemap-codec@^1.5.5
928 silly packumentCache full:https://registry.npmjs.org/@jridgewell%2fsourcemap-codec cache-miss
929 http fetch GET 200 https://registry.npmjs.org/@jridgewell%2fsourcemap-codec 123ms (cache miss)
930 silly packumentCache full:https://registry.npmjs.org/@jridgewell%2fsourcemap-codec set size:undefined disposed:false
931 http fetch GET 200 https://registry.npmjs.org/lightningcss-linux-arm-gnueabihf 134ms (cache miss)
932 silly packumentCache full:https://registry.npmjs.org/lightningcss-linux-arm-gnueabihf set size:undefined disposed:false
933 http fetch GET 200 https://registry.npmjs.org/lightningcss-linux-arm64-musl 141ms (cache miss)
934 silly packumentCache full:https://registry.npmjs.org/lightningcss-linux-arm64-musl set size:undefined disposed:false
935 http fetch GET 200 https://registry.npmjs.org/lightningcss-win32-arm64-msvc 137ms (cache miss)
936 silly packumentCache full:https://registry.npmjs.org/lightningcss-win32-arm64-msvc set size:undefined disposed:false
937 http fetch GET 200 https://registry.npmjs.org/lightningcss-linux-arm64-gnu 145ms (cache miss)
938 silly packumentCache full:https://registry.npmjs.org/lightningcss-linux-arm64-gnu set size:undefined disposed:false
939 http fetch GET 200 https://registry.npmjs.org/lightningcss-win32-x64-msvc 146ms (cache miss)
940 silly packumentCache full:https://registry.npmjs.org/lightningcss-win32-x64-msvc set size:undefined disposed:false
941 http fetch GET 200 https://registry.npmjs.org/lightningcss-linux-x64-gnu 163ms (cache miss)
942 silly packumentCache full:https://registry.npmjs.org/lightningcss-linux-x64-gnu set size:undefined disposed:false
943 http fetch GET 200 https://registry.npmjs.org/lightningcss-linux-x64-musl 155ms (cache miss)
944 silly packumentCache full:https://registry.npmjs.org/lightningcss-linux-x64-musl set size:undefined disposed:false
945 http fetch GET 200 https://registry.npmjs.org/graceful-fs 343ms (cache miss)
946 silly packumentCache full:https://registry.npmjs.org/graceful-fs set size:undefined disposed:false
947 silly placeDep ROOT @jridgewell/gen-mapping@0.3.13 OK for: @jridgewell/remapping@2.3.5 want: ^0.3.5
948 silly placeDep ROOT @jridgewell/trace-mapping@0.3.31 OK for: @jridgewell/remapping@2.3.5 want: ^0.3.24
949 silly fetch manifest @jridgewell/sourcemap-codec@^1.5.0
950 silly packumentCache full:https://registry.npmjs.org/@jridgewell%2fsourcemap-codec cache-miss
951 silly fetch manifest @jridgewell/resolve-uri@^3.1.0
952 silly packumentCache full:https://registry.npmjs.org/@jridgewell%2fresolve-uri cache-miss
953 silly fetch manifest @jridgewell/sourcemap-codec@^1.4.14
954 silly packumentCache full:https://registry.npmjs.org/@jridgewell%2fsourcemap-codec cache-miss
955 http cache https://registry.npmjs.org/@jridgewell%2fsourcemap-codec 6ms (cache hit)
956 silly packumentCache full:https://registry.npmjs.org/@jridgewell%2fsourcemap-codec set size:65255 disposed:false
957 http cache https://registry.npmjs.org/@jridgewell%2fsourcemap-codec 9ms (cache hit)
958 silly packumentCache full:https://registry.npmjs.org/@jridgewell%2fsourcemap-codec set size:65255 disposed:false
959 silly packumentCache full:https://registry.npmjs.org/@jridgewell%2fsourcemap-codec dispose
960 http fetch GET 200 https://registry.npmjs.org/@jridgewell%2fresolve-uri 61ms (cache miss)
961 silly packumentCache full:https://registry.npmjs.org/@jridgewell%2fresolve-uri set size:undefined disposed:false
962 silly placeDep ROOT @jridgewell/sourcemap-codec@1.6.0 OK for: @jridgewell/gen-mapping@0.3.13 want: ^1.5.0
963 silly placeDep ROOT @jridgewell/resolve-uri@3.1.2 OK for: @jridgewell/trace-mapping@0.3.31 want: ^3.1.0
964 silly placeDep ROOT @tailwindcss/oxide-android-arm64@4.3.3 OK for: @tailwindcss/oxide@4.3.3 want: 4.3.3
965 silly placeDep ROOT @tailwindcss/oxide-darwin-arm64@4.3.3 OK for: @tailwindcss/oxide@4.3.3 want: 4.3.3
966 silly placeDep ROOT @tailwindcss/oxide-darwin-x64@4.3.3 OK for: @tailwindcss/oxide@4.3.3 want: 4.3.3
967 silly placeDep ROOT @tailwindcss/oxide-freebsd-x64@4.3.3 OK for: @tailwindcss/oxide@4.3.3 want: 4.3.3
968 silly placeDep ROOT @tailwindcss/oxide-linux-arm-gnueabihf@4.3.3 OK for: @tailwindcss/oxide@4.3.3 want: 4.3.3
969 silly placeDep ROOT @tailwindcss/oxide-linux-arm64-gnu@4.3.3 OK for: @tailwindcss/oxide@4.3.3 want: 4.3.3
970 silly placeDep ROOT @tailwindcss/oxide-linux-arm64-musl@4.3.3 OK for: @tailwindcss/oxide@4.3.3 want: 4.3.3
971 silly placeDep ROOT @tailwindcss/oxide-linux-x64-gnu@4.3.3 OK for: @tailwindcss/oxide@4.3.3 want: 4.3.3
972 silly placeDep ROOT @tailwindcss/oxide-linux-x64-musl@4.3.3 OK for: @tailwindcss/oxide@4.3.3 want: 4.3.3
973 silly placeDep ROOT @tailwindcss/oxide-wasm32-wasi@4.3.3 OK for: @tailwindcss/oxide@4.3.3 want: 4.3.3
974 silly placeDep ROOT @tailwindcss/oxide-win32-arm64-msvc@4.3.3 OK for: @tailwindcss/oxide@4.3.3 want: 4.3.3
975 silly placeDep ROOT @tailwindcss/oxide-win32-x64-msvc@4.3.3 OK for: @tailwindcss/oxide@4.3.3 want: 4.3.3
976 silly placeDep ROOT undici-types@6.21.0 OK for: @types/node@22.20.4 want: ~6.21.0
977 silly placeDep ROOT csstype@3.2.3 OK for: @types/react@19.3.0 want: ^3.2.2
978 silly placeDep ROOT server-only@0.0.1 OK for: @vercel/analytics@1.3.1 want: ^0.0.1
979 silly placeDep ROOT tslib@2.8.1 OK for: aria-hidden@1.2.6 want: ^2.0.0
980 silly placeDep ROOT browserslist@4.29.1 OK for: autoprefixer@10.6.1 want: ^4.28.9
981 silly placeDep ROOT caniuse-lite@1.0.30001812 OK for: autoprefixer@10.6.1 want: ^1.0.30001810
982 silly placeDep ROOT fraction.js@5.3.4 OK for: autoprefixer@10.6.1 want: ^5.3.4
983 silly placeDep ROOT picocolors@1.1.1 OK for: autoprefixer@10.6.1 want: ^1.1.1
984 silly placeDep ROOT postcss-value-parser@4.2.0 OK for: autoprefixer@10.6.1 want: ^4.2.0
985 silly fetch manifest node-releases@^2.0.57
986 silly packumentCache full:https://registry.npmjs.org/node-releases cache-miss
987 silly fetch manifest electron-to-chromium@^1.5.438
988 silly packumentCache full:https://registry.npmjs.org/electron-to-chromium cache-miss
989 silly fetch manifest update-browserslist-db@^1.3.3
990 silly packumentCache full:https://registry.npmjs.org/update-browserslist-db cache-miss
991 silly fetch manifest baseline-browser-mapping@^2.11.25
992 silly packumentCache full:https://registry.npmjs.org/baseline-browser-mapping cache-miss
993 http fetch GET 200 https://registry.npmjs.org/baseline-browser-mapping 80ms (cache miss)
994 silly packumentCache full:https://registry.npmjs.org/baseline-browser-mapping set size:undefined disposed:false
995 http fetch GET 200 https://registry.npmjs.org/update-browserslist-db 84ms (cache miss)
996 silly packumentCache full:https://registry.npmjs.org/update-browserslist-db set size:undefined disposed:false
997 http fetch GET 200 https://registry.npmjs.org/node-releases 298ms (cache miss)
998 silly packumentCache full:https://registry.npmjs.org/node-releases set size:undefined disposed:false
999 http fetch GET 200 https://registry.npmjs.org/electron-to-chromium 937ms (cache miss)
1000 silly packumentCache full:https://registry.npmjs.org/electron-to-chromium set size:undefined disposed:false
1001 silly fetch manifest browserslist@>= 4.21.0
1002 silly packumentCache full:https://registry.npmjs.org/browserslist cache-miss
1003 http cache https://registry.npmjs.org/browserslist 4ms (cache hit)
1004 silly packumentCache full:https://registry.npmjs.org/browserslist set size:525727 disposed:false
1005 silly placeDep ROOT baseline-browser-mapping@2.11.26 OK for: browserslist@4.29.1 want: ^2.11.25
1006 silly placeDep ROOT electron-to-chromium@1.5.439 OK for: browserslist@4.29.1 want: ^1.5.438
1007 silly placeDep ROOT node-releases@2.0.57 OK for: browserslist@4.29.1 want: ^2.0.57
1008 silly placeDep ROOT update-browserslist-db@1.3.3 OK for: browserslist@4.29.1 want: ^1.3.3
1009 silly fetch manifest escalade@^3.2.0
1010 silly packumentCache full:https://registry.npmjs.org/escalade cache-miss
1011 http fetch GET 200 https://registry.npmjs.org/escalade 43ms (cache miss)
1012 silly packumentCache full:https://registry.npmjs.org/escalade set size:undefined disposed:false
1013 silly fetch manifest react@^18 || ^19 || ^19.0.0-rc
1014 silly packumentCache full:https://registry.npmjs.org/react cache-miss
1015 http cache https://registry.npmjs.org/react 10ms (cache hit)
1016 silly packumentCache full:https://registry.npmjs.org/react set size:7006748 disposed:false
1017 silly placeDep ROOT use-sync-external-store@1.7.0 OK for: cmdk@1.0.4 want: ^1.2.2
1018 silly placeDep ROOT embla-carousel@8.5.1 OK for: embla-carousel-react@8.5.1 want: 8.5.1
1019 silly placeDep ROOT embla-carousel-reactive-utils@8.5.1 OK for: embla-carousel-react@8.5.1 want: 8.5.1
1020 silly placeDep ROOT graceful-fs@4.2.11 OK for: enhanced-resolve@5.25.1 want: ^4.2.4
1021 silly placeDep ROOT tapable@2.3.3 OK for: enhanced-resolve@5.25.1 want: ^2.3.3
1022 silly placeDep ROOT motion-dom@13.4.4 OK for: framer-motion@13.4.4 want: ^13.4.4
1023 silly placeDep ROOT motion-utils@13.3.0 OK for: framer-motion@13.4.4 want: ^13.3.0
1024 silly placeDep ROOT detect-libc@2.1.2 OK for: lightningcss@1.32.0 want: ^2.0.3
1025 silly placeDep ROOT lightningcss-android-arm64@1.32.0 OK for: lightningcss@1.32.0 want: 1.32.0
1026 silly placeDep ROOT lightningcss-darwin-arm64@1.32.0 OK for: lightningcss@1.32.0 want: 1.32.0
1027 silly placeDep ROOT lightningcss-darwin-x64@1.32.0 OK for: lightningcss@1.32.0 want: 1.32.0
1028 silly placeDep ROOT lightningcss-freebsd-x64@1.32.0 OK for: lightningcss@1.32.0 want: 1.32.0
1029 silly placeDep ROOT lightningcss-linux-arm-gnueabihf@1.32.0 OK for: lightningcss@1.32.0 want: 1.32.0
1030 silly placeDep ROOT lightningcss-linux-arm64-gnu@1.32.0 OK for: lightningcss@1.32.0 want: 1.32.0
1031 silly placeDep ROOT lightningcss-linux-arm64-musl@1.32.0 OK for: lightningcss@1.32.0 want: 1.32.0
1032 silly placeDep ROOT lightningcss-linux-x64-gnu@1.32.0 OK for: lightningcss@1.32.0 want: 1.32.0
1033 silly placeDep ROOT lightningcss-linux-x64-musl@1.32.0 OK for: lightningcss@1.32.0 want: 1.32.0
1034 silly placeDep ROOT lightningcss-win32-arm64-msvc@1.32.0 OK for: lightningcss@1.32.0 want: 1.32.0
1035 silly placeDep ROOT lightningcss-win32-x64-msvc@1.32.0 OK for: lightningcss@1.32.0 want: 1.32.0
1036 silly fetch manifest react@^18.2.0 || 19.0.0-rc-de68d2f4-20241204 || ^19.0.0
1037 silly packumentCache full:https://registry.npmjs.org/react cache-miss
1038 http cache https://registry.npmjs.org/react 12ms (cache hit)
1039 silly packumentCache full:https://registry.npmjs.org/react set size:7006748 disposed:false
1040 silly placeDep ROOT @next/env@16.0.10 OK for: next@16.0.10 want: 16.0.10
1041 silly placeDep ROOT @next/swc-darwin-arm64@16.0.10 OK for: next@16.0.10 want: 16.0.10
1042 silly placeDep ROOT @next/swc-darwin-x64@16.0.10 OK for: next@16.0.10 want: 16.0.10
1043 silly placeDep ROOT @next/swc-linux-arm64-gnu@16.0.10 OK for: next@16.0.10 want: 16.0.10
1044 silly placeDep ROOT @next/swc-linux-arm64-musl@16.0.10 OK for: next@16.0.10 want: 16.0.10
1045 silly placeDep ROOT @next/swc-linux-x64-gnu@16.0.10 OK for: next@16.0.10 want: 16.0.10
1046 silly placeDep ROOT @next/swc-linux-x64-musl@16.0.10 OK for: next@16.0.10 want: 16.0.10
1047 silly placeDep ROOT @next/swc-win32-arm64-msvc@16.0.10 OK for: next@16.0.10 want: 16.0.10
1048 silly placeDep ROOT @next/swc-win32-x64-msvc@16.0.10 OK for: next@16.0.10 want: 16.0.10
1049 silly placeDep ROOT @swc/helpers@0.5.15 OK for: next@16.0.10 want: 0.5.15
1050 silly placeDep node_modules/next postcss@8.4.31 OK for: next@16.0.10 want: 8.4.31
1051 silly placeDep ROOT sharp@0.34.5 OK for: next@16.0.10 want: ^0.34.4
1052 silly placeDep ROOT styled-jsx@5.1.6 OK for: next@16.0.10 want: 5.1.6
1053 silly fetch manifest nanoid@^3.3.6
1054 silly packumentCache full:https://registry.npmjs.org/nanoid cache-miss
1055 silly fetch manifest semver@^7.7.3
1056 silly packumentCache full:https://registry.npmjs.org/semver cache-miss
1057 silly fetch manifest @img/colour@^1.0.0
1058 silly packumentCache full:https://registry.npmjs.org/@img%2fcolour cache-miss
1059 silly fetch manifest @img/sharp-wasm32@0.34.5
1060 silly packumentCache full:https://registry.npmjs.org/@img%2fsharp-wasm32 cache-miss
1061 silly fetch manifest @img/sharp-linux-arm@0.34.5
1062 silly packumentCache full:https://registry.npmjs.org/@img%2fsharp-linux-arm cache-miss
1063 silly fetch manifest @img/sharp-linux-x64@0.34.5
1064 silly packumentCache full:https://registry.npmjs.org/@img%2fsharp-linux-x64 cache-miss
1065 silly fetch manifest @img/sharp-win32-x64@0.34.5
1066 silly packumentCache full:https://registry.npmjs.org/@img%2fsharp-win32-x64 cache-miss
1067 silly fetch manifest @img/sharp-darwin-x64@0.34.5
1068 silly packumentCache full:https://registry.npmjs.org/@img%2fsharp-darwin-x64 cache-miss
1069 silly fetch manifest @img/sharp-win32-ia32@0.34.5
1070 silly packumentCache full:https://registry.npmjs.org/@img%2fsharp-win32-ia32 cache-miss
1071 http cache https://registry.npmjs.org/nanoid 10ms (cache hit)
1072 silly packumentCache full:https://registry.npmjs.org/nanoid set size:345858 disposed:false
1073 silly fetch manifest @img/sharp-linux-arm64@0.34.5
1074 silly packumentCache full:https://registry.npmjs.org/@img%2fsharp-linux-arm64 cache-miss
1075 http fetch GET 200 https://registry.npmjs.org/@img%2fcolour 225ms (cache miss)
1076 silly packumentCache full:https://registry.npmjs.org/@img%2fcolour set size:undefined disposed:false
1077 silly fetch manifest @img/sharp-linux-ppc64@0.34.5
1078 silly packumentCache full:https://registry.npmjs.org/@img%2fsharp-linux-ppc64 cache-miss
1079 http fetch GET 200 https://registry.npmjs.org/@img%2fsharp-win32-ia32 226ms (cache miss)
1080 silly packumentCache full:https://registry.npmjs.org/@img%2fsharp-win32-ia32 set size:undefined disposed:false
1081 silly fetch manifest @img/sharp-linux-s390x@0.34.5
1082 silly packumentCache full:https://registry.npmjs.org/@img%2fsharp-linux-s390x cache-miss
1083 http fetch GET 200 https://registry.npmjs.org/@img%2fsharp-darwin-x64 227ms (cache miss)
1084 silly packumentCache full:https://registry.npmjs.org/@img%2fsharp-darwin-x64 set size:undefined disposed:false
1085 silly fetch manifest @img/sharp-win32-arm64@0.34.5
1086 silly packumentCache full:https://registry.npmjs.org/@img%2fsharp-win32-arm64 cache-miss
1087 http fetch GET 200 https://registry.npmjs.org/@img%2fsharp-wasm32 228ms (cache miss)
1088 silly packumentCache full:https://registry.npmjs.org/@img%2fsharp-wasm32 set size:undefined disposed:false
1089 silly fetch manifest @img/sharp-darwin-arm64@0.34.5
1090 silly packumentCache full:https://registry.npmjs.org/@img%2fsharp-darwin-arm64 cache-miss
1091 http fetch GET 200 https://registry.npmjs.org/semver 232ms (cache miss)
1092 silly packumentCache full:https://registry.npmjs.org/semver set size:undefined disposed:false
1093 silly fetch manifest @img/sharp-linux-riscv64@0.34.5
1094 silly packumentCache full:https://registry.npmjs.org/@img%2fsharp-linux-riscv64 cache-miss
1095 http fetch GET 200 https://registry.npmjs.org/@img%2fsharp-win32-x64 292ms (cache miss)
1096 silly packumentCache full:https://registry.npmjs.org/@img%2fsharp-win32-x64 set size:undefined disposed:false
1097 silly fetch manifest @img/sharp-linuxmusl-x64@0.34.5
1098 silly packumentCache full:https://registry.npmjs.org/@img%2fsharp-linuxmusl-x64 cache-miss
1099 http fetch GET 200 https://registry.npmjs.org/@img%2fsharp-linux-riscv64 65ms (cache miss)
1100 silly packumentCache full:https://registry.npmjs.org/@img%2fsharp-linux-riscv64 set size:undefined disposed:false
1101 silly fetch manifest @img/sharp-linuxmusl-arm64@0.34.5
1102 silly packumentCache full:https://registry.npmjs.org/@img%2fsharp-linuxmusl-arm64 cache-miss
1103 http fetch GET 200 https://registry.npmjs.org/@img%2fsharp-linux-ppc64 73ms (cache miss)
1104 silly packumentCache full:https://registry.npmjs.org/@img%2fsharp-linux-ppc64 set size:undefined disposed:false
1105 silly fetch manifest @img/sharp-libvips-linux-arm@1.2.4
1106 silly packumentCache full:https://registry.npmjs.org/@img%2fsharp-libvips-linux-arm cache-miss
1107 http fetch GET 200 https://registry.npmjs.org/@img%2fsharp-linux-arm 357ms (cache miss)
1108 silly packumentCache full:https://registry.npmjs.org/@img%2fsharp-linux-arm set size:undefined disposed:false
1109 silly fetch manifest @img/sharp-libvips-linux-x64@1.2.4
1110 silly packumentCache full:https://registry.npmjs.org/@img%2fsharp-libvips-linux-x64 cache-miss
1111 http fetch GET 200 https://registry.npmjs.org/@img%2fsharp-linuxmusl-x64 68ms (cache miss)
1112 silly packumentCache full:https://registry.npmjs.org/@img%2fsharp-linuxmusl-x64 set size:undefined disposed:false
1113 silly fetch manifest @img/sharp-libvips-darwin-x64@1.2.4
1114 silly packumentCache full:https://registry.npmjs.org/@img%2fsharp-libvips-darwin-x64 cache-miss
1115 http fetch GET 200 https://registry.npmjs.org/@img%2fsharp-darwin-arm64 334ms (cache miss)
1116 silly packumentCache full:https://registry.npmjs.org/@img%2fsharp-darwin-arm64 set size:undefined disposed:false
1117 silly fetch manifest @img/sharp-libvips-linux-arm64@1.2.4
1118 silly packumentCache full:https://registry.npmjs.org/@img%2fsharp-libvips-linux-arm64 cache-miss
1119 http fetch GET 200 https://registry.npmjs.org/@img%2fsharp-linux-x64 616ms (cache miss)
1120 silly packumentCache full:https://registry.npmjs.org/@img%2fsharp-linux-x64 set size:undefined disposed:false
1121 silly fetch manifest @img/sharp-libvips-linux-ppc64@1.2.4
1122 silly packumentCache full:https://registry.npmjs.org/@img%2fsharp-libvips-linux-ppc64 cache-miss
1123 http fetch GET 200 https://registry.npmjs.org/@img%2fsharp-libvips-linux-ppc64 125ms (cache miss)
1124 silly packumentCache full:https://registry.npmjs.org/@img%2fsharp-libvips-linux-ppc64 set size:undefined disposed:false
1125 silly fetch manifest @img/sharp-libvips-linux-s390x@1.2.4
1126 silly packumentCache full:https://registry.npmjs.org/@img%2fsharp-libvips-linux-s390x cache-miss
1127 http fetch GET 200 https://registry.npmjs.org/@img%2fsharp-libvips-darwin-x64 382ms (cache miss)
1128 silly packumentCache full:https://registry.npmjs.org/@img%2fsharp-libvips-darwin-x64 set size:undefined disposed:false
1129 silly fetch manifest @img/sharp-libvips-darwin-arm64@1.2.4
1130 silly packumentCache full:https://registry.npmjs.org/@img%2fsharp-libvips-darwin-arm64 cache-miss
1131 http fetch GET 200 https://registry.npmjs.org/@img%2fsharp-win32-arm64 555ms (cache miss)
1132 silly packumentCache full:https://registry.npmjs.org/@img%2fsharp-win32-arm64 set size:undefined disposed:false
1133 silly fetch manifest @img/sharp-libvips-linux-riscv64@1.2.4
1134 silly packumentCache full:https://registry.npmjs.org/@img%2fsharp-libvips-linux-riscv64 cache-miss
1135 http fetch GET 200 https://registry.npmjs.org/@img%2fsharp-linux-arm64 819ms (cache miss)
1136 silly packumentCache full:https://registry.npmjs.org/@img%2fsharp-linux-arm64 set size:undefined disposed:false
1137 silly fetch manifest @img/sharp-libvips-linuxmusl-x64@1.2.4
1138 silly packumentCache full:https://registry.npmjs.org/@img%2fsharp-libvips-linuxmusl-x64 cache-miss
1139 http fetch GET 200 https://registry.npmjs.org/@img%2fsharp-libvips-linux-x64 474ms (cache miss)
1140 silly packumentCache full:https://registry.npmjs.org/@img%2fsharp-libvips-linux-x64 set size:undefined disposed:false
1141 silly fetch manifest @img/sharp-libvips-linuxmusl-arm64@1.2.4
1142 silly packumentCache full:https://registry.npmjs.org/@img%2fsharp-libvips-linuxmusl-arm64 cache-miss
1143 http fetch GET 200 https://registry.npmjs.org/@img%2fsharp-libvips-linux-riscv64 54ms (cache miss)
1144 silly packumentCache full:https://registry.npmjs.org/@img%2fsharp-libvips-linux-riscv64 set size:undefined disposed:false
1145 silly fetch manifest client-only@0.0.1
1146 silly packumentCache full:https://registry.npmjs.org/client-only cache-miss
1147 http fetch GET 200 https://registry.npmjs.org/@img%2fsharp-linuxmusl-arm64 546ms (cache miss)
1148 silly packumentCache full:https://registry.npmjs.org/@img%2fsharp-linuxmusl-arm64 set size:undefined disposed:false
1149 http fetch GET 200 https://registry.npmjs.org/@img%2fsharp-libvips-linux-arm 561ms (cache miss)
1150 silly packumentCache full:https://registry.npmjs.org/@img%2fsharp-libvips-linux-arm set size:undefined disposed:false
1151 http fetch GET 200 https://registry.npmjs.org/client-only 38ms (cache miss)
1152 silly packumentCache full:https://registry.npmjs.org/client-only set size:undefined disposed:false
1153 http fetch GET 200 https://registry.npmjs.org/@img%2fsharp-libvips-linuxmusl-x64 60ms (cache miss)
1154 silly packumentCache full:https://registry.npmjs.org/@img%2fsharp-libvips-linuxmusl-x64 set size:undefined disposed:false
1155 http fetch GET 200 https://registry.npmjs.org/@img%2fsharp-libvips-darwin-arm64 275ms (cache miss)
1156 silly packumentCache full:https://registry.npmjs.org/@img%2fsharp-libvips-darwin-arm64 set size:undefined disposed:false
1157 http fetch GET 200 https://registry.npmjs.org/@img%2fsharp-libvips-linux-s390x 296ms (cache miss)
1158 silly packumentCache full:https://registry.npmjs.org/@img%2fsharp-libvips-linux-s390x set size:undefined disposed:false
1159 http fetch GET 200 https://registry.npmjs.org/@img%2fsharp-libvips-linux-arm64 517ms (cache miss)
1160 silly packumentCache full:https://registry.npmjs.org/@img%2fsharp-libvips-linux-arm64 set size:undefined disposed:false
1161 http fetch GET 200 https://registry.npmjs.org/@img%2fsharp-libvips-linuxmusl-arm64 270ms (cache miss)
1162 silly packumentCache full:https://registry.npmjs.org/@img%2fsharp-libvips-linuxmusl-arm64 set size:undefined disposed:false
1163 http fetch GET 200 https://registry.npmjs.org/@img%2fsharp-linux-s390x 1576ms (cache miss)
1164 silly packumentCache full:https://registry.npmjs.org/@img%2fsharp-linux-s390x set size:undefined disposed:false
1165 silly placeDep ROOT nanoid@3.3.19 OK for: postcss@8.5.28 want: ^3.3.18
1166 silly placeDep ROOT @date-fns/tz@1.2.0 OK for: react-day-picker@9.8.0 want: 1.2.0
1167 silly placeDep ROOT date-fns-jalali@4.1.0-0 OK for: react-day-picker@9.8.0 want: 4.1.0-0
1168 silly placeDep ROOT scheduler@0.27.0 OK for: react-dom@19.2.0 want: ^0.27.0
1169 silly fetch manifest react@^16.8.0 || ^17.0.0 || ^18.0.0 || ^19.0.0 || ^19.0.0-rc
1170 silly packumentCache full:https://registry.npmjs.org/react cache-miss
1171 http cache https://registry.npmjs.org/react 17ms (cache hit)
1172 silly packumentCache full:https://registry.npmjs.org/react set size:7006748 disposed:false
1173 silly placeDep ROOT react-remove-scroll-bar@2.3.8 OK for: react-remove-scroll@2.7.2 want: ^2.3.7
1174 silly placeDep ROOT react-style-singleton@2.2.3 OK for: react-remove-scroll@2.7.2 want: ^2.2.3
1175 silly placeDep ROOT use-callback-ref@1.3.3 OK for: react-remove-scroll@2.7.2 want: ^1.3.3
1176 silly placeDep ROOT use-sidecar@1.1.3 OK for: react-remove-scroll@2.7.2 want: ^1.1.3
1177 silly fetch manifest react-style-singleton@^2.2.2
1178 silly packumentCache full:https://registry.npmjs.org/react-style-singleton cache-miss
1179 silly fetch manifest get-nonce@^1.0.0
1180 silly packumentCache full:https://registry.npmjs.org/get-nonce cache-miss
1181 silly fetch manifest detect-node-es@^1.1.0
1182 silly packumentCache full:https://registry.npmjs.org/detect-node-es cache-miss
1183 http cache https://registry.npmjs.org/react-style-singleton 5ms (cache hit)
1184 silly packumentCache full:https://registry.npmjs.org/react-style-singleton set size:33682 disposed:false
1185 http fetch GET 200 https://registry.npmjs.org/detect-node-es 35ms (cache miss)
1186 silly packumentCache full:https://registry.npmjs.org/detect-node-es set size:undefined disposed:false
1187 http fetch GET 200 https://registry.npmjs.org/get-nonce 43ms (cache miss)
1188 silly packumentCache full:https://registry.npmjs.org/get-nonce set size:undefined disposed:false
1189 silly placeDep ROOT get-nonce@1.0.1 OK for: react-style-singleton@2.2.3 want: ^1.0.0
1190 silly fetch manifest react@^16.0.0 || ^17.0.0 || ^18.0.0 || ^19.0.0
1191 silly packumentCache full:https://registry.npmjs.org/react cache-miss
1192 http cache https://registry.npmjs.org/react 10ms (cache hit)
1193 silly packumentCache full:https://registry.npmjs.org/react set size:7006748 disposed:false
1194 silly fetch manifest react-dom@^16.0.0 || ^17.0.0 || ^18.0.0 || ^19.0.0
1195 silly packumentCache full:https://registry.npmjs.org/react-dom cache-miss
1196 http cache https://registry.npmjs.org/react-dom 14ms (cache hit)
1197 silly packumentCache full:https://registry.npmjs.org/react-dom set size:9440025 disposed:false
1198 silly placeDep ROOT eventemitter3@4.0.7 OK for: recharts@2.15.4 want: ^4.0.1
1199 silly placeDep ROOT lodash@4.18.1 OK for: recharts@2.15.4 want: ^4.17.21
1200 silly placeDep ROOT react-is@18.3.1 OK for: recharts@2.15.4 want: ^18.3.1
1201 silly placeDep ROOT react-smooth@4.0.4 OK for: recharts@2.15.4 want: ^4.0.4
1202 silly placeDep ROOT recharts-scale@0.4.5 OK for: recharts@2.15.4 want: ^0.4.4
1203 silly placeDep ROOT tiny-invariant@1.3.3 OK for: recharts@2.15.4 want: ^1.3.1
1204 silly placeDep ROOT victory-vendor@36.9.2 OK for: recharts@2.15.4 want: ^36.6.8
1205 silly fetch manifest fast-equals@^5.0.1
1206 silly packumentCache full:https://registry.npmjs.org/fast-equals cache-miss
1207 silly fetch manifest prop-types@^15.8.1
1208 silly packumentCache full:https://registry.npmjs.org/prop-types cache-miss
1209 silly fetch manifest react-transition-group@^4.4.5
1210 silly packumentCache full:https://registry.npmjs.org/react-transition-group cache-miss
1211 silly fetch manifest decimal.js-light@^2.4.1
1212 silly packumentCache full:https://registry.npmjs.org/decimal.js-light cache-miss
1213 silly fetch manifest d3-ease@^3.0.1
1214 silly packumentCache full:https://registry.npmjs.org/d3-ease cache-miss
1215 silly fetch manifest d3-time@^3.0.0
1216 silly packumentCache full:https://registry.npmjs.org/d3-time cache-miss
1217 silly fetch manifest d3-array@^3.1.6
1218 silly packumentCache full:https://registry.npmjs.org/d3-array cache-miss
1219 silly fetch manifest d3-scale@^4.0.2
1220 silly packumentCache full:https://registry.npmjs.org/d3-scale cache-miss
1221 silly fetch manifest d3-shape@^3.1.0
1222 silly packumentCache full:https://registry.npmjs.org/d3-shape cache-miss
1223 http fetch GET 200 https://registry.npmjs.org/decimal.js-light 55ms (cache miss)
1224 silly packumentCache full:https://registry.npmjs.org/decimal.js-light set size:undefined disposed:false
1225 silly fetch manifest d3-timer@^3.0.1
1226 silly packumentCache full:https://registry.npmjs.org/d3-timer cache-miss
1227 http fetch GET 200 https://registry.npmjs.org/prop-types 63ms (cache miss)
1228 silly packumentCache full:https://registry.npmjs.org/prop-types set size:undefined disposed:false
1229 silly fetch manifest @types/d3-ease@^3.0.0
1230 silly packumentCache full:https://registry.npmjs.org/@types%2fd3-ease cache-miss
1231 http fetch GET 200 https://registry.npmjs.org/d3-time 64ms (cache miss)
1232 silly packumentCache full:https://registry.npmjs.org/d3-time set size:undefined disposed:false
1233 silly fetch manifest @types/d3-time@^3.0.0
1234 silly packumentCache full:https://registry.npmjs.org/@types%2fd3-time cache-miss
1235 http fetch GET 200 https://registry.npmjs.org/d3-ease 68ms (cache miss)
1236 silly packumentCache full:https://registry.npmjs.org/d3-ease set size:undefined disposed:false
1237 silly fetch manifest d3-interpolate@^3.0.1
1238 silly packumentCache full:https://registry.npmjs.org/d3-interpolate cache-miss
1239 http fetch GET 200 https://registry.npmjs.org/fast-equals 75ms (cache miss)
1240 silly packumentCache full:https://registry.npmjs.org/fast-equals set size:undefined disposed:false
1241 silly fetch manifest @types/d3-array@^3.0.3
1242 silly packumentCache full:https://registry.npmjs.org/@types%2fd3-array cache-miss
1243 http fetch GET 200 https://registry.npmjs.org/@types%2fd3-ease 54ms (cache miss)
1244 silly packumentCache full:https://registry.npmjs.org/@types%2fd3-ease set size:undefined disposed:false
1245 silly fetch manifest @types/d3-scale@^4.0.2
1246 silly packumentCache full:https://registry.npmjs.org/@types%2fd3-scale cache-miss
1247 http fetch GET 200 https://registry.npmjs.org/d3-array 119ms (cache miss)
1248 silly packumentCache full:https://registry.npmjs.org/d3-array set size:undefined disposed:false
1249 silly fetch manifest @types/d3-shape@^3.1.0
1250 silly packumentCache full:https://registry.npmjs.org/@types%2fd3-shape cache-miss
1251 http fetch GET 200 https://registry.npmjs.org/d3-timer 66ms (cache miss)
1252 silly packumentCache full:https://registry.npmjs.org/d3-timer set size:undefined disposed:false
1253 silly fetch manifest @types/d3-timer@^3.0.0
1254 silly packumentCache full:https://registry.npmjs.org/@types%2fd3-timer cache-miss
1255 http fetch GET 200 https://registry.npmjs.org/d3-shape 122ms (cache miss)
1256 silly packumentCache full:https://registry.npmjs.org/d3-shape set size:undefined disposed:false
1257 silly fetch manifest @types/d3-interpolate@^3.0.1
1258 silly packumentCache full:https://registry.npmjs.org/@types%2fd3-interpolate cache-miss
1259 http fetch GET 200 https://registry.npmjs.org/@types%2fd3-time 62ms (cache miss)
1260 silly packumentCache full:https://registry.npmjs.org/@types%2fd3-time set size:undefined disposed:false
1261 http fetch GET 200 https://registry.npmjs.org/d3-interpolate 74ms (cache miss)
1262 silly packumentCache full:https://registry.npmjs.org/d3-interpolate set size:undefined disposed:false
1263 http fetch GET 200 https://registry.npmjs.org/@types%2fd3-array 69ms (cache miss)
1264 silly packumentCache full:https://registry.npmjs.org/@types%2fd3-array set size:undefined disposed:false
1265 http fetch GET 200 https://registry.npmjs.org/@types%2fd3-timer 52ms (cache miss)
1266 silly packumentCache full:https://registry.npmjs.org/@types%2fd3-timer set size:undefined disposed:false
1267 http fetch GET 200 https://registry.npmjs.org/@types%2fd3-scale 58ms (cache miss)
1268 silly packumentCache full:https://registry.npmjs.org/@types%2fd3-scale set size:undefined disposed:false
1269 http fetch GET 200 https://registry.npmjs.org/@types%2fd3-interpolate 54ms (cache miss)
1270 silly packumentCache full:https://registry.npmjs.org/@types%2fd3-interpolate set size:undefined disposed:false
1271 http fetch GET 200 https://registry.npmjs.org/d3-scale 206ms (cache miss)
1272 silly packumentCache full:https://registry.npmjs.org/d3-scale set size:undefined disposed:false
1273 http fetch GET 200 https://registry.npmjs.org/react-transition-group 330ms (cache miss)
1274 silly packumentCache full:https://registry.npmjs.org/react-transition-group set size:undefined disposed:false
1275 http fetch GET 200 https://registry.npmjs.org/@types%2fd3-shape 329ms (cache miss)
1276 silly packumentCache full:https://registry.npmjs.org/@types%2fd3-shape set size:undefined disposed:false
1277 silly fetch manifest react@^16.8.0 || ^17.0.0 || ^18.0.0 || ^19.0.0
1278 silly packumentCache full:https://registry.npmjs.org/react cache-miss
1279 http cache https://registry.npmjs.org/react 12ms (cache hit)
1280 silly packumentCache full:https://registry.npmjs.org/react set size:7006748 disposed:false
1281 silly fetch manifest react-dom@^16.8.0 || ^17.0.0 || ^18.0.0 || ^19.0.0
1282 silly packumentCache full:https://registry.npmjs.org/react-dom cache-miss
1283 http cache https://registry.npmjs.org/react-dom 15ms (cache hit)
1284 silly packumentCache full:https://registry.npmjs.org/react-dom set size:9440025 disposed:false
1285 silly placeDep ROOT fast-equals@5.4.3 OK for: react-smooth@4.0.4 want: ^5.0.1
1286 silly placeDep ROOT prop-types@15.8.1 OK for: react-smooth@4.0.4 want: ^15.8.1
1287 silly placeDep ROOT react-transition-group@4.4.5 OK for: react-smooth@4.0.4 want: ^4.4.5
1288 silly fetch manifest loose-envify@^1.4.0
1289 silly packumentCache full:https://registry.npmjs.org/loose-envify cache-miss
1290 silly fetch manifest object-assign@^4.1.1
1291 silly packumentCache full:https://registry.npmjs.org/object-assign cache-miss
1292 silly fetch manifest react-is@^16.13.1
1293 silly packumentCache full:https://registry.npmjs.org/react-is cache-miss
1294 silly fetch manifest @babel/runtime@^7.5.5
1295 silly packumentCache full:https://registry.npmjs.org/@babel%2fruntime cache-miss
1296 silly fetch manifest dom-helpers@^5.0.1
1297 silly packumentCache full:https://registry.npmjs.org/dom-helpers cache-miss
1298 silly fetch manifest loose-envify@^1.4.0
1299 silly packumentCache full:https://registry.npmjs.org/loose-envify cache-miss
1300 http cache https://registry.npmjs.org/react-is 11ms (cache hit)
1301 silly packumentCache full:https://registry.npmjs.org/react-is set size:5671336 disposed:false
1302 http fetch GET 200 https://registry.npmjs.org/loose-envify 40ms (cache miss)
1303 silly packumentCache full:https://registry.npmjs.org/loose-envify set size:undefined disposed:false
1304 http fetch GET 200 https://registry.npmjs.org/object-assign 42ms (cache miss)
1305 silly packumentCache full:https://registry.npmjs.org/object-assign set size:undefined disposed:false
1306 http fetch GET 200 https://registry.npmjs.org/loose-envify 47ms (cache miss)
1307 silly packumentCache full:https://registry.npmjs.org/loose-envify set size:undefined disposed:false
1308 http fetch GET 200 https://registry.npmjs.org/dom-helpers 54ms (cache miss)
1309 silly packumentCache full:https://registry.npmjs.org/dom-helpers set size:undefined disposed:false
1310 http fetch GET 200 https://registry.npmjs.org/@babel%2fruntime 275ms (cache miss)
1311 silly packumentCache full:https://registry.npmjs.org/@babel%2fruntime set size:undefined disposed:false
1312 silly placeDep ROOT loose-envify@1.4.0 OK for: prop-types@15.8.1 want: ^1.4.0
1313 silly placeDep ROOT object-assign@4.1.1 OK for: prop-types@15.8.1 want: ^4.1.1
1314 silly placeDep node_modules/prop-types react-is@16.13.1 OK for: prop-types@15.8.1 want: ^16.13.1
1315 silly fetch manifest js-tokens@^3.0.0 || ^4.0.0
1316 silly packumentCache full:https://registry.npmjs.org/js-tokens cache-miss
1317 http fetch GET 200 https://registry.npmjs.org/js-tokens 39ms (cache miss)
1318 silly packumentCache full:https://registry.npmjs.org/js-tokens set size:undefined disposed:false
1319 silly placeDep ROOT js-tokens@4.0.0 OK for: loose-envify@1.4.0 want: ^3.0.0 || ^4.0.0
1320 silly placeDep ROOT @babel/runtime@7.29.7 OK for: react-transition-group@4.4.5 want: ^7.5.5
1321 silly placeDep ROOT dom-helpers@5.2.1 OK for: react-transition-group@4.4.5 want: ^5.0.1
1322 silly placeDep ROOT decimal.js-light@2.5.1 OK for: recharts-scale@0.4.5 want: ^2.4.1
1323 silly placeDep ROOT @img/colour@1.1.0 OK for: sharp@0.34.5 want: ^1.0.0
1324 silly placeDep ROOT @img/sharp-darwin-arm64@0.34.5 OK for: sharp@0.34.5 want: 0.34.5
1325 silly placeDep ROOT @img/sharp-darwin-x64@0.34.5 OK for: sharp@0.34.5 want: 0.34.5
1326 silly placeDep ROOT @img/sharp-libvips-darwin-arm64@1.2.4 OK for: sharp@0.34.5 want: 1.2.4
1327 silly placeDep ROOT @img/sharp-libvips-darwin-x64@1.2.4 OK for: sharp@0.34.5 want: 1.2.4
1328 silly placeDep ROOT @img/sharp-libvips-linux-arm@1.2.4 OK for: sharp@0.34.5 want: 1.2.4
1329 silly placeDep ROOT @img/sharp-libvips-linux-arm64@1.2.4 OK for: sharp@0.34.5 want: 1.2.4
1330 silly placeDep ROOT @img/sharp-libvips-linux-ppc64@1.2.4 OK for: sharp@0.34.5 want: 1.2.4
1331 silly placeDep ROOT @img/sharp-libvips-linux-riscv64@1.2.4 OK for: sharp@0.34.5 want: 1.2.4
1332 silly placeDep ROOT @img/sharp-libvips-linux-s390x@1.2.4 OK for: sharp@0.34.5 want: 1.2.4
1333 silly placeDep ROOT @img/sharp-libvips-linux-x64@1.2.4 OK for: sharp@0.34.5 want: 1.2.4
1334 silly placeDep ROOT @img/sharp-libvips-linuxmusl-arm64@1.2.4 OK for: sharp@0.34.5 want: 1.2.4
1335 silly placeDep ROOT @img/sharp-libvips-linuxmusl-x64@1.2.4 OK for: sharp@0.34.5 want: 1.2.4
1336 silly placeDep ROOT @img/sharp-linux-arm@0.34.5 OK for: sharp@0.34.5 want: 0.34.5
1337 silly placeDep ROOT @img/sharp-linux-arm64@0.34.5 OK for: sharp@0.34.5 want: 0.34.5
1338 silly placeDep ROOT @img/sharp-linux-ppc64@0.34.5 OK for: sharp@0.34.5 want: 0.34.5
1339 silly placeDep ROOT @img/sharp-linux-riscv64@0.34.5 OK for: sharp@0.34.5 want: 0.34.5
1340 silly placeDep ROOT @img/sharp-linux-s390x@0.34.5 OK for: sharp@0.34.5 want: 0.34.5
1341 silly placeDep ROOT @img/sharp-linux-x64@0.34.5 OK for: sharp@0.34.5 want: 0.34.5
1342 silly placeDep ROOT @img/sharp-linuxmusl-arm64@0.34.5 OK for: sharp@0.34.5 want: 0.34.5
1343 silly placeDep ROOT @img/sharp-linuxmusl-x64@0.34.5 OK for: sharp@0.34.5 want: 0.34.5
1344 silly placeDep ROOT @img/sharp-wasm32@0.34.5 OK for: sharp@0.34.5 want: 0.34.5
1345 silly placeDep ROOT @img/sharp-win32-arm64@0.34.5 OK for: sharp@0.34.5 want: 0.34.5
1346 silly placeDep ROOT @img/sharp-win32-ia32@0.34.5 OK for: sharp@0.34.5 want: 0.34.5
1347 silly placeDep ROOT @img/sharp-win32-x64@0.34.5 OK for: sharp@0.34.5 want: 0.34.5
1348 silly placeDep ROOT semver@7.8.5 OK for: sharp@0.34.5 want: ^7.7.3
1349 silly fetch manifest @emnapi/runtime@^1.7.0
1350 silly packumentCache full:https://registry.npmjs.org/@emnapi%2fruntime cache-miss
1351 http fetch GET 200 https://registry.npmjs.org/@emnapi%2fruntime 83ms (cache miss)
1352 silly packumentCache full:https://registry.npmjs.org/@emnapi%2fruntime set size:undefined disposed:false
1353 silly placeDep ROOT @emnapi/runtime@1.11.3 OK for: @img/sharp-wasm32@0.34.5 want: ^1.7.0
1354 silly placeDep ROOT client-only@0.0.1 OK for: styled-jsx@5.1.6 want: 0.0.1
1355 silly placeDep ROOT escalade@3.2.0 OK for: update-browserslist-db@1.3.3 want: ^3.2.0
1356 silly placeDep ROOT detect-node-es@1.1.0 OK for: use-sidecar@1.1.3 want: ^1.1.0
1357 silly placeDep ROOT @types/d3-array@3.2.2 OK for: victory-vendor@36.9.2 want: ^3.0.3
1358 silly placeDep ROOT @types/d3-ease@3.0.2 OK for: victory-vendor@36.9.2 want: ^3.0.0
1359 silly placeDep ROOT @types/d3-interpolate@3.0.4 OK for: victory-vendor@36.9.2 want: ^3.0.1
1360 silly placeDep ROOT @types/d3-scale@4.0.9 OK for: victory-vendor@36.9.2 want: ^4.0.2
1361 silly placeDep ROOT @types/d3-shape@3.2.0 OK for: victory-vendor@36.9.2 want: ^3.1.0
1362 silly placeDep ROOT @types/d3-time@3.0.4 OK for: victory-vendor@36.9.2 want: ^3.0.0
1363 silly placeDep ROOT @types/d3-timer@3.0.2 OK for: victory-vendor@36.9.2 want: ^3.0.0
1364 silly placeDep ROOT d3-array@3.2.4 OK for: victory-vendor@36.9.2 want: ^3.1.6
1365 silly placeDep ROOT d3-ease@3.0.1 OK for: victory-vendor@36.9.2 want: ^3.0.1
1366 silly placeDep ROOT d3-interpolate@3.0.1 OK for: victory-vendor@36.9.2 want: ^3.0.1
1367 silly placeDep ROOT d3-scale@4.0.2 OK for: victory-vendor@36.9.2 want: ^4.0.2
1368 silly placeDep ROOT d3-shape@3.2.0 OK for: victory-vendor@36.9.2 want: ^3.1.0
1369 silly placeDep ROOT d3-time@3.1.0 OK for: victory-vendor@36.9.2 want: ^3.0.0
1370 silly placeDep ROOT d3-timer@3.0.1 OK for: victory-vendor@36.9.2 want: ^3.0.1
1371 silly fetch manifest @types/d3-color@*
1372 silly packumentCache full:https://registry.npmjs.org/@types%2fd3-color cache-miss
1373 silly fetch manifest @types/d3-time@*
1374 silly packumentCache full:https://registry.npmjs.org/@types%2fd3-time cache-miss
1375 silly fetch manifest @types/d3-path@*
1376 silly packumentCache full:https://registry.npmjs.org/@types%2fd3-path cache-miss
1377 silly fetch manifest internmap@1 - 2
1378 silly packumentCache full:https://registry.npmjs.org/internmap cache-miss
1379 silly fetch manifest d3-color@1 - 3
1380 silly packumentCache full:https://registry.npmjs.org/d3-color cache-miss
1381 silly fetch manifest d3-format@1 - 3
1382 silly packumentCache full:https://registry.npmjs.org/d3-format cache-miss
1383 silly fetch manifest d3-time@2.1.1 - 3
1384 silly packumentCache full:https://registry.npmjs.org/d3-time cache-miss
1385 silly fetch manifest d3-time-format@2 - 4
1386 silly packumentCache full:https://registry.npmjs.org/d3-time-format cache-miss
1387 silly fetch manifest d3-path@^3.1.0
1388 silly packumentCache full:https://registry.npmjs.org/d3-path cache-miss
1389 http cache https://registry.npmjs.org/d3-time 4ms (cache hit)
1390 silly packumentCache full:https://registry.npmjs.org/d3-time set size:150406 disposed:false
1391 http cache https://registry.npmjs.org/@types%2fd3-time 6ms (cache hit)
1392 silly packumentCache full:https://registry.npmjs.org/@types%2fd3-time set size:52652 disposed:false
1393 http fetch GET 200 https://registry.npmjs.org/d3-format 59ms (cache miss)
1394 silly packumentCache full:https://registry.npmjs.org/d3-format set size:undefined disposed:false
1395 http fetch GET 200 https://registry.npmjs.org/d3-path 111ms (cache miss)
1396 silly packumentCache full:https://registry.npmjs.org/d3-path set size:undefined disposed:false
1397 http fetch GET 200 https://registry.npmjs.org/internmap 113ms (cache miss)
1398 silly packumentCache full:https://registry.npmjs.org/internmap set size:undefined disposed:false
1399 http fetch GET 200 https://registry.npmjs.org/@types%2fd3-path 117ms (cache miss)
1400 silly packumentCache full:https://registry.npmjs.org/@types%2fd3-path set size:undefined disposed:false
1401 http fetch GET 200 https://registry.npmjs.org/@types%2fd3-color 117ms (cache miss)
1402 silly packumentCache full:https://registry.npmjs.org/@types%2fd3-color set size:undefined disposed:false
1403 http fetch GET 200 https://registry.npmjs.org/d3-color 123ms (cache miss)
1404 silly packumentCache full:https://registry.npmjs.org/d3-color set size:undefined disposed:false
1405 http fetch GET 200 https://registry.npmjs.org/d3-time-format 124ms (cache miss)
1406 silly packumentCache full:https://registry.npmjs.org/d3-time-format set size:undefined disposed:false
1407 silly placeDep ROOT @types/d3-color@3.1.3 OK for: @types/d3-interpolate@3.0.4 want: *
1408 silly placeDep ROOT @types/d3-path@3.1.1 OK for: @types/d3-shape@3.2.0 want: *
1409 silly placeDep ROOT internmap@2.0.3 OK for: d3-array@3.2.4 want: 1 - 2
1410 silly placeDep ROOT d3-color@3.1.0 OK for: d3-interpolate@3.0.1 want: 1 - 3
1411 silly placeDep ROOT d3-format@3.1.2 OK for: d3-scale@4.0.2 want: 1 - 3
1412 silly placeDep ROOT d3-time-format@4.1.0 OK for: d3-scale@4.0.2 want: 2 - 4
1413 silly placeDep ROOT d3-path@3.1.0 OK for: d3-shape@3.2.0 want: ^3.1.0
1414 silly reify moves {}
1415 silly audit bulk request {
1415 silly audit   '@hookform/resolvers': [ '3.10.0' ],
1415 silly audit   'react-hook-form': [ '7.89.0' ],
1415 silly audit   react: [ '19.2.0' ],
1415 silly audit   '@radix-ui/react-accordion': [ '1.2.2' ],
1415 silly audit   'react-dom': [ '19.2.0' ],
1415 silly audit   '@radix-ui/react-alert-dialog': [ '1.1.4' ],
1415 silly audit   '@radix-ui/react-aspect-ratio': [ '1.1.1' ],
1415 silly audit   '@radix-ui/react-avatar': [ '1.1.2' ],
1415 silly audit   '@radix-ui/react-checkbox': [ '1.1.3' ],
1415 silly audit   '@radix-ui/react-collapsible': [ '1.1.2' ],
1415 silly audit   '@radix-ui/react-context-menu': [ '2.2.4' ],
1415 silly audit   '@radix-ui/react-dialog': [ '1.1.4' ],
1415 silly audit   '@radix-ui/react-dropdown-menu': [ '2.1.4' ],
1415 silly audit   '@radix-ui/react-hover-card': [ '1.1.4' ],
1415 silly audit   '@radix-ui/react-label': [ '2.1.1' ],
1415 silly audit   '@radix-ui/react-menubar': [ '1.1.4' ],
1415 silly audit   '@radix-ui/react-navigation-menu': [ '1.2.3' ],
1415 silly audit   '@radix-ui/react-popover': [ '1.1.4' ],
1415 silly audit   '@radix-ui/react-progress': [ '1.1.1' ],
1415 silly audit   '@radix-ui/react-radio-group': [ '1.2.2' ],
1415 silly audit   '@radix-ui/react-scroll-area': [ '1.2.2' ],
1415 silly audit   '@radix-ui/react-select': [ '2.1.4' ],
1415 silly audit   '@radix-ui/react-separator': [ '1.1.1' ],
1415 silly audit   '@radix-ui/react-slider': [ '1.2.2' ],
1415 silly audit   '@radix-ui/react-slot': [ '1.1.1' ],
1415 silly audit   '@radix-ui/react-switch': [ '1.1.2' ],
1415 silly audit   '@radix-ui/react-tabs': [ '1.1.2' ],
1415 silly audit   '@radix-ui/react-toast': [ '1.2.4' ],
1415 silly audit   '@radix-ui/react-toggle': [ '1.1.1' ],
1415 silly audit   '@radix-ui/react-toggle-group': [ '1.1.1' ],
1415 silly audit   '@radix-ui/react-tooltip': [ '1.1.6' ],
1415 silly audit   '@tailwindcss/postcss': [ '4.3.3' ],
1415 silly audit   '@types/node': [ '22.20.4' ],
1415 silly audit   '@types/react': [ '19.3.0' ],
1415 silly audit   '@types/react-dom': [ '19.3.0' ],
1415 silly audit   '@vercel/analytics': [ '1.3.1' ],
1415 silly audit   autoprefixer: [ '10.6.1' ],
1415 silly audit   postcss: [ '8.5.28', '8.4.31' ],
1415 silly audit   'class-variance-authority': [ '0.7.1' ],
1415 silly audit   clsx: [ '2.1.1' ],
1415 silly audit   cmdk: [ '1.0.4' ],
1415 silly audit   'date-fns': [ '4.1.0' ],
1415 silly audit   'embla-carousel-react': [ '8.5.1' ],
1415 silly audit   'framer-motion': [ '13.4.4' ],
1415 silly audit   'input-otp': [ '1.4.1' ],
1415 silly audit   lenis: [ '1.3.26' ],
1415 silly audit   'lucide-react': [ '0.454.0' ],
1415 silly audit   next: [ '16.0.10' ],
1415 silly audit   'next-themes': [ '0.4.6' ],
1415 silly audit   'react-day-picker': [ '9.8.0' ],
1415 silly audit   'react-resizable-panels': [ '2.1.9' ],
1415 silly audit   recharts: [ '2.15.4' ],
1415 silly audit   sonner: [ '1.7.4' ],
1415 silly audit   'tailwind-merge': [ '3.7.0' ],
1415 silly audit   tailwindcss: [ '4.3.3' ],
1415 silly audit   'tailwindcss-animate': [ '1.0.7' ],
1415 silly audit   'tw-animate-css': [ '1.3.3' ],
1415 silly audit   typescript: [ '5.9.3' ],
1415 silly audit   vaul: [ '1.1.2' ],
1415 silly audit   zod: [ '3.25.76' ],
1415 silly audit   '@radix-ui/primitive': [ '1.1.1' ],
1415 silly audit   '@radix-ui/react-collection': [ '1.1.1' ],
1415 silly audit   '@radix-ui/react-compose-refs': [ '1.1.1' ],
1415 silly audit   '@radix-ui/react-context': [ '1.1.1' ],
1415 silly audit   '@radix-ui/react-direction': [ '1.1.0' ],
1415 silly audit   '@radix-ui/react-id': [ '1.1.0' ],
1415 silly audit   '@radix-ui/react-primitive': [ '2.0.1' ],
1415 silly audit   '@radix-ui/react-use-controllable-state': [ '1.1.0' ],
1415 silly audit   '@radix-ui/react-use-callback-ref': [ '1.1.0' ],
1415 silly audit   '@radix-ui/react-use-layout-effect': [ '1.1.0' ],
1415 silly audit   '@radix-ui/react-presence': [ '1.1.2' ],
1415 silly audit   '@radix-ui/react-use-previous': [ '1.1.0' ],
1415 silly audit   '@radix-ui/react-use-size': [ '1.1.0' ],
1415 silly audit   '@radix-ui/react-menu': [ '2.1.4' ],
1415 silly audit   '@radix-ui/react-dismissable-layer': [ '1.1.3' ],
1415 silly audit   '@radix-ui/react-focus-guards': [ '1.1.1' ],
1415 silly audit   '@radix-ui/react-focus-scope': [ '1.1.1' ],
1415 silly audit   '@radix-ui/react-portal': [ '1.1.3' ],
1415 silly audit   'aria-hidden': [ '1.2.6' ],
1415 silly audit   'react-remove-scroll': [ '2.7.2' ],
1415 silly audit   '@radix-ui/react-use-escape-keydown': [ '1.1.0' ],
1415 silly audit   '@radix-ui/react-popper': [ '1.2.1' ],
1415 silly audit   '@radix-ui/react-roving-focus': [ '1.1.1' ],
1415 silly audit   '@radix-ui/react-visually-hidden': [ '1.1.1' ],
1415 silly audit   '@floating-ui/react-dom': [ '2.1.9' ],
1415 silly audit   '@radix-ui/react-arrow': [ '1.1.1' ],
1415 silly audit   '@radix-ui/react-use-rect': [ '1.1.0' ],
1415 silly audit   '@radix-ui/rect': [ '1.1.0' ],
1415 silly audit   '@floating-ui/dom': [ '1.8.0' ],
1415 silly audit   '@floating-ui/core': [ '1.8.0' ],
1415 silly audit   '@floating-ui/utils': [ '0.2.12' ],
1415 silly audit   '@radix-ui/number': [ '1.1.0' ],
1415 silly audit   '@alloc/quick-lru': [ '5.3.0' ],
1415 silly audit   '@tailwindcss/node': [ '4.3.3' ],
1415 silly audit   '@tailwindcss/oxide': [ '4.3.3' ],
1415 silly audit   '@jridgewell/remapping': [ '2.3.5' ],
1415 silly audit   'enhanced-resolve': [ '5.25.1' ],
1415 silly audit   jiti: [ '2.7.0' ],
1415 silly audit   lightningcss: [ '1.32.0' ],
1415 silly audit   'magic-string': [ '0.30.21' ],
1415 silly audit   'source-map-js': [ '1.2.1' ],
1415 silly audit   '@jridgewell/gen-mapping': [ '0.3.13' ],
1415 silly audit   '@jridgewell/trace-mapping': [ '0.3.31' ],
1415 silly audit   '@jridgewell/sourcemap-codec': [ '1.6.0' ],
1415 silly audit   '@jridgewell/resolve-uri': [ '3.1.2' ],
1415 silly audit   '@tailwindcss/oxide-android-arm64': [ '4.3.3' ],
1415 silly audit   '@tailwindcss/oxide-darwin-arm64': [ '4.3.3' ],
1415 silly audit   '@tailwindcss/oxide-darwin-x64': [ '4.3.3' ],
1415 silly audit   '@tailwindcss/oxide-freebsd-x64': [ '4.3.3' ],
1415 silly audit   '@tailwindcss/oxide-linux-arm-gnueabihf': [ '4.3.3' ],
1415 silly audit   '@tailwindcss/oxide-linux-arm64-gnu': [ '4.3.3' ],
1415 silly audit   '@tailwindcss/oxide-linux-arm64-musl': [ '4.3.3' ],
1415 silly audit   '@tailwindcss/oxide-linux-x64-gnu': [ '4.3.3' ],
1415 silly audit   '@tailwindcss/oxide-linux-x64-musl': [ '4.3.3' ],
1415 silly audit   '@tailwindcss/oxide-wasm32-wasi': [ '4.3.3' ],
1415 silly audit   '@tailwindcss/oxide-win32-arm64-msvc': [ '4.3.3' ],
1415 silly audit   '@tailwindcss/oxide-win32-x64-msvc': [ '4.3.3' ],
1415 silly audit   'undici-types': [ '6.21.0' ],
1415 silly audit   csstype: [ '3.2.3' ],
1415 silly audit   'server-only': [ '0.0.1' ],
1415 silly audit   tslib: [ '2.8.1' ],
1415 silly audit   browserslist: [ '4.29.1' ],
1415 silly audit   'caniuse-lite': [ '1.0.30001812' ],
1415 silly audit   'fraction.js': [ '5.3.4' ],
1415 silly audit   picocolors: [ '1.1.1' ],
1415 silly audit   'postcss-value-parser': [ '4.2.0' ],
1415 silly audit   'baseline-browser-mapping': [ '2.11.26' ],
1415 silly audit   'electron-to-chromium': [ '1.5.439' ],
1415 silly audit   'node-releases': [ '2.0.57' ],
1415 silly audit   'update-browserslist-db': [ '1.3.3' ],
1415 silly audit   'use-sync-external-store': [ '1.7.0' ],
1415 silly audit   'embla-carousel': [ '8.5.1' ],
1415 silly audit   'embla-carousel-reactive-utils': [ '8.5.1' ],
1415 silly audit   'graceful-fs': [ '4.2.11' ],
1415 silly audit   tapable: [ '2.3.3' ],
1415 silly audit   'motion-dom': [ '13.4.4' ],
1415 silly audit   'motion-utils': [ '13.3.0' ],
1415 silly audit   'detect-libc': [ '2.1.2' ],
1415 silly audit   'lightningcss-android-arm64': [ '1.32.0' ],
1415 silly audit   'lightningcss-darwin-arm64': [ '1.32.0' ],
1415 silly audit   'lightningcss-darwin-x64': [ '1.32.0' ],
1415 silly audit   'lightningcss-freebsd-x64': [ '1.32.0' ],
1415 silly audit   'lightningcss-linux-arm-gnueabihf': [ '1.32.0' ],
1415 silly audit   'lightningcss-linux-arm64-gnu': [ '1.32.0' ],
1415 silly audit   'lightningcss-linux-arm64-musl': [ '1.32.0' ],
1415 silly audit   'lightningcss-linux-x64-gnu': [ '1.32.0' ],
1415 silly audit   'lightningcss-linux-x64-musl': [ '1.32.0' ],
1415 silly audit   'lightningcss-win32-arm64-msvc': [ '1.32.0' ],
1415 silly audit   'lightningcss-win32-x64-msvc': [ '1.32.0' ],
1415 silly audit   '@next/env': [ '16.0.10' ],
1415 silly audit   '@next/swc-darwin-arm64': [ '16.0.10' ],
1415 silly audit   '@next/swc-darwin-x64': [ '16.0.10' ],
1415 silly audit   '@next/swc-linux-arm64-gnu': [ '16.0.10' ],
1415 silly audit   '@next/swc-linux-arm64-musl': [ '16.0.10' ],
1415 silly audit   '@next/swc-linux-x64-gnu': [ '16.0.10' ],
1415 silly audit   '@next/swc-linux-x64-musl': [ '16.0.10' ],
1415 silly audit   '@next/swc-win32-arm64-msvc': [ '16.0.10' ],
1415 silly audit   '@next/swc-win32-x64-msvc': [ '16.0.10' ],
1415 silly audit   '@swc/helpers': [ '0.5.15' ],
1415 silly audit   sharp: [ '0.34.5' ],
1415 silly audit   'styled-jsx': [ '5.1.6' ],
1415 silly audit   nanoid: [ '3.3.19' ],
1415 silly audit   '@date-fns/tz': [ '1.2.0' ],
1415 silly audit   'date-fns-jalali': [ '4.1.0-0' ],
1415 silly audit   scheduler: [ '0.27.0' ],
1415 silly audit   'react-remove-scroll-bar': [ '2.3.8' ],
1415 silly audit   'react-style-singleton': [ '2.2.3' ],
1415 silly audit   'use-callback-ref': [ '1.3.3' ],
1415 silly audit   'use-sidecar': [ '1.1.3' ],
1415 silly audit   'get-nonce': [ '1.0.1' ],
1415 silly audit   eventemitter3: [ '4.0.7' ],
1415 silly audit   lodash: [ '4.18.1' ],
1415 silly audit   'react-is': [ '18.3.1', '16.13.1' ],
1415 silly audit   'react-smooth': [ '4.0.4' ],
1415 silly audit   'recharts-scale': [ '0.4.5' ],
1415 silly audit   'tiny-invariant': [ '1.3.3' ],
1415 silly audit   'victory-vendor': [ '36.9.2' ],
1415 silly audit   'fast-equals': [ '5.4.3' ],
1415 silly audit   'prop-types': [ '15.8.1' ],
1415 silly audit   'react-transition-group': [ '4.4.5' ],
1415 silly audit   'loose-envify': [ '1.4.0' ],
1415 silly audit   'object-assign': [ '4.1.1' ],
1415 silly audit   'js-tokens': [ '4.0.0' ],
1415 silly audit   '@babel/runtime': [ '7.29.7' ],
1415 silly audit   'dom-helpers': [ '5.2.1' ],
1415 silly audit   'decimal.js-light': [ '2.5.1' ],
1415 silly audit   '@img/colour': [ '1.1.0' ],
1415 silly audit   '@img/sharp-darwin-arm64': [ '0.34.5' ],
1415 silly audit   '@img/sharp-darwin-x64': [ '0.34.5' ],
1415 silly audit   '@img/sharp-libvips-darwin-arm64': [ '1.2.4' ],
1415 silly audit   '@img/sharp-libvips-darwin-x64': [ '1.2.4' ],
1415 silly audit   '@img/sharp-libvips-linux-arm': [ '1.2.4' ],
1415 silly audit   '@img/sharp-libvips-linux-arm64': [ '1.2.4' ],
1415 silly audit   '@img/sharp-libvips-linux-ppc64': [ '1.2.4' ],
1415 silly audit   '@img/sharp-libvips-linux-riscv64': [ '1.2.4' ],
1415 silly audit   '@img/sharp-libvips-linux-s390x': [ '1.2.4' ],
1415 silly audit   '@img/sharp-libvips-linux-x64': [ '1.2.4' ],
1415 silly audit   '@img/sharp-libvips-linuxmusl-arm64': [ '1.2.4' ],
1415 silly audit   '@img/sharp-libvips-linuxmusl-x64': [ '1.2.4' ],
1415 silly audit   '@img/sharp-linux-arm': [ '0.34.5' ],
1415 silly audit   '@img/sharp-linux-arm64': [ '0.34.5' ],
1415 silly audit   '@img/sharp-linux-ppc64': [ '0.34.5' ],
1415 silly audit   '@img/sharp-linux-riscv64': [ '0.34.5' ],
1415 silly audit   '@img/sharp-linux-s390x': [ '0.34.5' ],
1415 silly audit   '@img/sharp-linux-x64': [ '0.34.5' ],
1415 silly audit   '@img/sharp-linuxmusl-arm64': [ '0.34.5' ],
1415 silly audit   '@img/sharp-linuxmusl-x64': [ '0.34.5' ],
1415 silly audit   '@img/sharp-wasm32': [ '0.34.5' ],
1415 silly audit   '@img/sharp-win32-arm64': [ '0.34.5' ],
1415 silly audit   '@img/sharp-win32-ia32': [ '0.34.5' ],
1415 silly audit   '@img/sharp-win32-x64': [ '0.34.5' ],
1415 silly audit   semver: [ '7.8.5' ],
1415 silly audit   '@emnapi/runtime': [ '1.11.3' ],
1415 silly audit   'client-only': [ '0.0.1' ],
1415 silly audit   escalade: [ '3.2.0' ],
1415 silly audit   'detect-node-es': [ '1.1.0' ],
1415 silly audit   '@types/d3-array': [ '3.2.2' ],
1415 silly audit   '@types/d3-ease': [ '3.0.2' ],
1415 silly audit   '@types/d3-interpolate': [ '3.0.4' ],
1415 silly audit   '@types/d3-scale': [ '4.0.9' ],
1415 silly audit   '@types/d3-shape': [ '3.2.0' ],
1415 silly audit   '@types/d3-time': [ '3.0.4' ],
1415 silly audit   '@types/d3-timer': [ '3.0.2' ],
1415 silly audit   'd3-array': [ '3.2.4' ],
1415 silly audit   'd3-ease': [ '3.0.1' ],
1415 silly audit   'd3-interpolate': [ '3.0.1' ],
1415 silly audit   'd3-scale': [ '4.0.2' ],
1415 silly audit   'd3-shape': [ '3.2.0' ],
1415 silly audit   'd3-time': [ '3.1.0' ],
1415 silly audit   'd3-timer': [ '3.0.1' ],
1415 silly audit   '@types/d3-color': [ '3.1.3' ],
1415 silly audit   '@types/d3-path': [ '3.1.1' ],
1415 silly audit   internmap: [ '2.0.3' ],
1415 silly audit   'd3-color': [ '3.1.0' ],
1415 silly audit   'd3-format': [ '3.1.2' ],
1415 silly audit   'd3-time-format': [ '4.1.0' ],
1415 silly audit   'd3-path': [ '3.1.0' ]
1415 silly audit }
1416 http cache d3-path@https://registry.npmjs.org/d3-path/-/d3-path-3.1.0.tgz 0ms (cache hit)
1417 http cache d3-time-format@https://registry.npmjs.org/d3-time-format/-/d3-time-format-4.1.0.tgz 0ms (cache hit)
1418 http cache internmap@https://registry.npmjs.org/internmap/-/internmap-2.0.3.tgz 0ms (cache hit)
1419 http cache d3-format@https://registry.npmjs.org/d3-format/-/d3-format-3.1.2.tgz 0ms (cache hit)
1420 http cache @types/d3-path@https://registry.npmjs.org/@types/d3-path/-/d3-path-3.1.1.tgz 0ms (cache hit)
1421 http cache @types/d3-color@https://registry.npmjs.org/@types/d3-color/-/d3-color-3.1.3.tgz 0ms (cache hit)
1422 http cache d3-color@https://registry.npmjs.org/d3-color/-/d3-color-3.1.0.tgz 0ms (cache hit)
1423 http cache d3-shape@https://registry.npmjs.org/d3-shape/-/d3-shape-3.2.0.tgz 0ms (cache hit)
1424 http cache d3-scale@https://registry.npmjs.org/d3-scale/-/d3-scale-4.0.2.tgz 0ms (cache hit)
1425 http cache d3-interpolate@https://registry.npmjs.org/d3-interpolate/-/d3-interpolate-3.0.1.tgz 0ms (cache hit)
1426 http cache d3-time@https://registry.npmjs.org/d3-time/-/d3-time-3.1.0.tgz 0ms (cache hit)
1427 http cache d3-ease@https://registry.npmjs.org/d3-ease/-/d3-ease-3.0.1.tgz 0ms (cache hit)
1428 http cache @types/d3-timer@https://registry.npmjs.org/@types/d3-timer/-/d3-timer-3.0.2.tgz 0ms (cache hit)
1429 http cache d3-array@https://registry.npmjs.org/d3-array/-/d3-array-3.2.4.tgz 0ms (cache hit)
1430 http cache @types/d3-time@https://registry.npmjs.org/@types/d3-time/-/d3-time-3.0.4.tgz 0ms (cache hit)
1431 http cache @types/d3-shape@https://registry.npmjs.org/@types/d3-shape/-/d3-shape-3.2.0.tgz 0ms (cache hit)
1432 http cache @types/d3-scale@https://registry.npmjs.org/@types/d3-scale/-/d3-scale-4.0.9.tgz 0ms (cache hit)
1433 http cache @types/d3-interpolate@https://registry.npmjs.org/@types/d3-interpolate/-/d3-interpolate-3.0.4.tgz 0ms (cache hit)
1434 http cache @types/d3-ease@https://registry.npmjs.org/@types/d3-ease/-/d3-ease-3.0.2.tgz 0ms (cache hit)
1435 http cache @types/d3-array@https://registry.npmjs.org/@types/d3-array/-/d3-array-3.2.2.tgz 0ms (cache hit)
1436 http cache detect-node-es@https://registry.npmjs.org/detect-node-es/-/detect-node-es-1.1.0.tgz 0ms (cache hit)
1437 http cache client-only@https://registry.npmjs.org/client-only/-/client-only-0.0.1.tgz 0ms (cache hit)
1438 http cache escalade@https://registry.npmjs.org/escalade/-/escalade-3.2.0.tgz 0ms (cache hit)
1439 http cache semver@https://registry.npmjs.org/semver/-/semver-7.8.5.tgz 0ms (cache hit)
1440 http cache @img/colour@https://registry.npmjs.org/@img/colour/-/colour-1.1.0.tgz 0ms (cache hit)
1441 http cache @img/sharp-darwin-arm64@https://registry.npmjs.org/@img/sharp-darwin-arm64/-/sharp-darwin-arm64-0.34.5.tgz 0ms (cache hit)
1442 http cache @emnapi/runtime@https://registry.npmjs.org/@emnapi/runtime/-/runtime-1.11.3.tgz 0ms (cache hit)
1443 http cache @img/sharp-libvips-darwin-arm64@https://registry.npmjs.org/@img/sharp-libvips-darwin-arm64/-/sharp-libvips-darwin-arm64-1.2.4.tgz 0ms (cache hit)
1444 http cache decimal.js-light@https://registry.npmjs.org/decimal.js-light/-/decimal.js-light-2.5.1.tgz 0ms (cache hit)
1445 http cache dom-helpers@https://registry.npmjs.org/dom-helpers/-/dom-helpers-5.2.1.tgz 0ms (cache hit)
1446 http cache js-tokens@https://registry.npmjs.org/js-tokens/-/js-tokens-4.0.0.tgz 0ms (cache hit)
1447 http cache @babel/runtime@https://registry.npmjs.org/@babel/runtime/-/runtime-7.29.7.tgz 0ms (cache hit)
1448 http cache object-assign@https://registry.npmjs.org/object-assign/-/object-assign-4.1.1.tgz 0ms (cache hit)
1449 http cache loose-envify@https://registry.npmjs.org/loose-envify/-/loose-envify-1.4.0.tgz 0ms (cache hit)
1450 http cache react-transition-group@https://registry.npmjs.org/react-transition-group/-/react-transition-group-4.4.5.tgz 0ms (cache hit)
1451 http cache prop-types@https://registry.npmjs.org/prop-types/-/prop-types-15.8.1.tgz 0ms (cache hit)
1452 http cache fast-equals@https://registry.npmjs.org/fast-equals/-/fast-equals-5.4.3.tgz 0ms (cache hit)
1453 http cache tiny-invariant@https://registry.npmjs.org/tiny-invariant/-/tiny-invariant-1.3.3.tgz 0ms (cache hit)
1454 http cache victory-vendor@https://registry.npmjs.org/victory-vendor/-/victory-vendor-36.9.2.tgz 0ms (cache hit)
1455 http cache react-smooth@https://registry.npmjs.org/react-smooth/-/react-smooth-4.0.4.tgz 0ms (cache hit)
1456 http cache d3-timer@https://registry.npmjs.org/d3-timer/-/d3-timer-3.0.1.tgz 0ms (cache hit)
1457 http cache react-is@https://registry.npmjs.org/react-is/-/react-is-18.3.1.tgz 0ms (cache hit)
1458 http cache lodash@https://registry.npmjs.org/lodash/-/lodash-4.18.1.tgz 0ms (cache hit)
1459 http cache eventemitter3@https://registry.npmjs.org/eventemitter3/-/eventemitter3-4.0.7.tgz 0ms (cache hit)
1460 http cache use-sidecar@https://registry.npmjs.org/use-sidecar/-/use-sidecar-1.1.3.tgz 0ms (cache hit)
1461 http cache get-nonce@https://registry.npmjs.org/get-nonce/-/get-nonce-1.0.1.tgz 0ms (cache hit)
1462 http cache use-callback-ref@https://registry.npmjs.org/use-callback-ref/-/use-callback-ref-1.3.3.tgz 0ms (cache hit)
1463 http cache recharts-scale@https://registry.npmjs.org/recharts-scale/-/recharts-scale-0.4.5.tgz 0ms (cache hit)
1464 http cache react-style-singleton@https://registry.npmjs.org/react-style-singleton/-/react-style-singleton-2.2.3.tgz 0ms (cache hit)
1465 http cache react-remove-scroll-bar@https://registry.npmjs.org/react-remove-scroll-bar/-/react-remove-scroll-bar-2.3.8.tgz 0ms (cache hit)
1466 http cache @date-fns/tz@https://registry.npmjs.org/@date-fns/tz/-/tz-1.2.0.tgz 0ms (cache hit)
1467 http cache nanoid@https://registry.npmjs.org/nanoid/-/nanoid-3.3.19.tgz 0ms (cache hit)
1468 http cache styled-jsx@https://registry.npmjs.org/styled-jsx/-/styled-jsx-5.1.6.tgz 0ms (cache hit)
1469 http cache scheduler@https://registry.npmjs.org/scheduler/-/scheduler-0.27.0.tgz 0ms (cache hit)
1470 http cache sharp@https://registry.npmjs.org/sharp/-/sharp-0.34.5.tgz 0ms (cache hit)
1471 http cache @swc/helpers@https://registry.npmjs.org/@swc/helpers/-/helpers-0.5.15.tgz 0ms (cache hit)
1472 http cache @next/swc-darwin-arm64@https://registry.npmjs.org/@next/swc-darwin-arm64/-/swc-darwin-arm64-16.0.10.tgz 0ms (cache hit)
1473 http cache date-fns-jalali@https://registry.npmjs.org/date-fns-jalali/-/date-fns-jalali-4.1.0-0.tgz 0ms (cache hit)
1474 http cache @next/env@https://registry.npmjs.org/@next/env/-/env-16.0.10.tgz 0ms (cache hit)
1475 http cache detect-libc@https://registry.npmjs.org/detect-libc/-/detect-libc-2.1.2.tgz 0ms (cache hit)
1476 http cache lightningcss-darwin-arm64@https://registry.npmjs.org/lightningcss-darwin-arm64/-/lightningcss-darwin-arm64-1.32.0.tgz 0ms (cache hit)
1477 http cache motion-dom@https://registry.npmjs.org/motion-dom/-/motion-dom-13.4.4.tgz 0ms (cache hit)
1478 http cache graceful-fs@https://registry.npmjs.org/graceful-fs/-/graceful-fs-4.2.11.tgz 0ms (cache hit)
1479 http cache embla-carousel-reactive-utils@https://registry.npmjs.org/embla-carousel-reactive-utils/-/embla-carousel-reactive-utils-8.5.1.tgz 0ms (cache hit)
1480 http cache embla-carousel@https://registry.npmjs.org/embla-carousel/-/embla-carousel-8.5.1.tgz 0ms (cache hit)
1481 http cache use-sync-external-store@https://registry.npmjs.org/use-sync-external-store/-/use-sync-external-store-1.7.0.tgz 0ms (cache hit)
1482 http cache motion-utils@https://registry.npmjs.org/motion-utils/-/motion-utils-13.3.0.tgz 0ms (cache hit)
1483 http cache update-browserslist-db@https://registry.npmjs.org/update-browserslist-db/-/update-browserslist-db-1.3.3.tgz 0ms (cache hit)
1484 http cache node-releases@https://registry.npmjs.org/node-releases/-/node-releases-2.0.57.tgz 0ms (cache hit)
1485 http cache electron-to-chromium@https://registry.npmjs.org/electron-to-chromium/-/electron-to-chromium-1.5.439.tgz 0ms (cache hit)
1486 http cache baseline-browser-mapping@https://registry.npmjs.org/baseline-browser-mapping/-/baseline-browser-mapping-2.11.26.tgz 0ms (cache hit)
1487 http cache postcss-value-parser@https://registry.npmjs.org/postcss-value-parser/-/postcss-value-parser-4.2.0.tgz 0ms (cache hit)
1488 http cache tapable@https://registry.npmjs.org/tapable/-/tapable-2.3.3.tgz 0ms (cache hit)
1489 http cache picocolors@https://registry.npmjs.org/picocolors/-/picocolors-1.1.1.tgz 0ms (cache hit)
1490 http cache fraction.js@https://registry.npmjs.org/fraction.js/-/fraction.js-5.3.4.tgz 0ms (cache hit)
1491 http cache caniuse-lite@https://registry.npmjs.org/caniuse-lite/-/caniuse-lite-1.0.30001812.tgz 0ms (cache hit)
1492 http cache tslib@https://registry.npmjs.org/tslib/-/tslib-2.8.1.tgz 0ms (cache hit)
1493 http cache server-only@https://registry.npmjs.org/server-only/-/server-only-0.0.1.tgz 0ms (cache hit)
1494 http cache csstype@https://registry.npmjs.org/csstype/-/csstype-3.2.3.tgz 0ms (cache hit)
1495 http cache @tailwindcss/oxide-darwin-arm64@https://registry.npmjs.org/@tailwindcss/oxide-darwin-arm64/-/oxide-darwin-arm64-4.3.3.tgz 0ms (cache hit)
1496 http cache browserslist@https://registry.npmjs.org/browserslist/-/browserslist-4.29.1.tgz 0ms (cache hit)
1497 http cache @jridgewell/resolve-uri@https://registry.npmjs.org/@jridgewell/resolve-uri/-/resolve-uri-3.1.2.tgz 0ms (cache hit)
1498 http cache @jridgewell/trace-mapping@https://registry.npmjs.org/@jridgewell/trace-mapping/-/trace-mapping-0.3.31.tgz 0ms (cache hit)
1499 http cache @jridgewell/gen-mapping@https://registry.npmjs.org/@jridgewell/gen-mapping/-/gen-mapping-0.3.13.tgz 0ms (cache hit)
1500 http cache source-map-js@https://registry.npmjs.org/source-map-js/-/source-map-js-1.2.1.tgz 0ms (cache hit)
1501 http cache undici-types@https://registry.npmjs.org/undici-types/-/undici-types-6.21.0.tgz 0ms (cache hit)
1502 http cache magic-string@https://registry.npmjs.org/magic-string/-/magic-string-0.30.21.tgz 0ms (cache hit)
1503 http cache @jridgewell/sourcemap-codec@https://registry.npmjs.org/@jridgewell/sourcemap-codec/-/sourcemap-codec-1.6.0.tgz 0ms (cache hit)
1504 http cache jiti@https://registry.npmjs.org/jiti/-/jiti-2.7.0.tgz 0ms (cache hit)
1505 http cache lightningcss@https://registry.npmjs.org/lightningcss/-/lightningcss-1.32.0.tgz 0ms (cache hit)
1506 http cache enhanced-resolve@https://registry.npmjs.org/enhanced-resolve/-/enhanced-resolve-5.25.1.tgz 0ms (cache hit)
1507 http cache @tailwindcss/node@https://registry.npmjs.org/@tailwindcss/node/-/node-4.3.3.tgz 0ms (cache hit)
1508 http cache @tailwindcss/oxide@https://registry.npmjs.org/@tailwindcss/oxide/-/oxide-4.3.3.tgz 0ms (cache hit)
1509 http cache @alloc/quick-lru@https://registry.npmjs.org/@alloc/quick-lru/-/quick-lru-5.3.0.tgz 0ms (cache hit)
1510 http cache @jridgewell/remapping@https://registry.npmjs.org/@jridgewell/remapping/-/remapping-2.3.5.tgz 0ms (cache hit)
1511 http cache @radix-ui/number@https://registry.npmjs.org/@radix-ui/number/-/number-1.1.0.tgz 0ms (cache hit)
1512 http cache @floating-ui/core@https://registry.npmjs.org/@floating-ui/core/-/core-1.8.0.tgz 0ms (cache hit)
1513 http cache @radix-ui/rect@https://registry.npmjs.org/@radix-ui/rect/-/rect-1.1.0.tgz 0ms (cache hit)
1514 http cache @floating-ui/dom@https://registry.npmjs.org/@floating-ui/dom/-/dom-1.8.0.tgz 0ms (cache hit)
1515 http cache @floating-ui/utils@https://registry.npmjs.org/@floating-ui/utils/-/utils-0.2.12.tgz 0ms (cache hit)
1516 http cache @radix-ui/react-use-rect@https://registry.npmjs.org/@radix-ui/react-use-rect/-/react-use-rect-1.1.0.tgz 0ms (cache hit)
1517 http cache @radix-ui/react-visually-hidden@https://registry.npmjs.org/@radix-ui/react-visually-hidden/-/react-visually-hidden-1.1.1.tgz 0ms (cache hit)
1518 http cache @floating-ui/react-dom@https://registry.npmjs.org/@floating-ui/react-dom/-/react-dom-2.1.9.tgz 0ms (cache hit)
1519 http cache @radix-ui/react-roving-focus@https://registry.npmjs.org/@radix-ui/react-roving-focus/-/react-roving-focus-1.1.1.tgz 0ms (cache hit)
1520 http cache @radix-ui/react-popper@https://registry.npmjs.org/@radix-ui/react-popper/-/react-popper-1.2.1.tgz 0ms (cache hit)
1521 http cache react-remove-scroll@https://registry.npmjs.org/react-remove-scroll/-/react-remove-scroll-2.7.2.tgz 0ms (cache hit)
1522 http cache @radix-ui/react-arrow@https://registry.npmjs.org/@radix-ui/react-arrow/-/react-arrow-1.1.1.tgz 0ms (cache hit)
1523 http cache @radix-ui/react-use-escape-keydown@https://registry.npmjs.org/@radix-ui/react-use-escape-keydown/-/react-use-escape-keydown-1.1.0.tgz 0ms (cache hit)
1524 http cache aria-hidden@https://registry.npmjs.org/aria-hidden/-/aria-hidden-1.2.6.tgz 0ms (cache hit)
1525 http cache @radix-ui/react-portal@https://registry.npmjs.org/@radix-ui/react-portal/-/react-portal-1.1.3.tgz 0ms (cache hit)
1526 http cache @radix-ui/react-focus-scope@https://registry.npmjs.org/@radix-ui/react-focus-scope/-/react-focus-scope-1.1.1.tgz 0ms (cache hit)
1527 http cache @radix-ui/react-focus-guards@https://registry.npmjs.org/@radix-ui/react-focus-guards/-/react-focus-guards-1.1.1.tgz 0ms (cache hit)
1528 http cache @radix-ui/react-use-size@https://registry.npmjs.org/@radix-ui/react-use-size/-/react-use-size-1.1.0.tgz 0ms (cache hit)
1529 http cache @radix-ui/react-menu@https://registry.npmjs.org/@radix-ui/react-menu/-/react-menu-2.1.4.tgz 0ms (cache hit)
1530 http cache @radix-ui/react-dismissable-layer@https://registry.npmjs.org/@radix-ui/react-dismissable-layer/-/react-dismissable-layer-1.1.3.tgz 0ms (cache hit)
1531 http cache @radix-ui/react-use-previous@https://registry.npmjs.org/@radix-ui/react-use-previous/-/react-use-previous-1.1.0.tgz 0ms (cache hit)
1532 http cache @radix-ui/react-use-layout-effect@https://registry.npmjs.org/@radix-ui/react-use-layout-effect/-/react-use-layout-effect-1.1.0.tgz 0ms (cache hit)
1533 http cache @radix-ui/react-use-callback-ref@https://registry.npmjs.org/@radix-ui/react-use-callback-ref/-/react-use-callback-ref-1.1.0.tgz 0ms (cache hit)
1534 http cache @radix-ui/react-presence@https://registry.npmjs.org/@radix-ui/react-presence/-/react-presence-1.1.2.tgz 0ms (cache hit)
1535 http cache @radix-ui/react-use-controllable-state@https://registry.npmjs.org/@radix-ui/react-use-controllable-state/-/react-use-controllable-state-1.1.0.tgz 0ms (cache hit)
1536 http cache @radix-ui/react-direction@https://registry.npmjs.org/@radix-ui/react-direction/-/react-direction-1.1.0.tgz 0ms (cache hit)
1537 http cache @radix-ui/react-id@https://registry.npmjs.org/@radix-ui/react-id/-/react-id-1.1.0.tgz 0ms (cache hit)
1538 http cache @radix-ui/react-primitive@https://registry.npmjs.org/@radix-ui/react-primitive/-/react-primitive-2.0.1.tgz 0ms (cache hit)
1539 http cache @radix-ui/react-collection@https://registry.npmjs.org/@radix-ui/react-collection/-/react-collection-1.1.1.tgz 0ms (cache hit)
1540 http cache @radix-ui/react-context@https://registry.npmjs.org/@radix-ui/react-context/-/react-context-1.1.1.tgz 0ms (cache hit)
1541 http cache @radix-ui/react-compose-refs@https://registry.npmjs.org/@radix-ui/react-compose-refs/-/react-compose-refs-1.1.1.tgz 0ms (cache hit)
1542 http cache @radix-ui/primitive@https://registry.npmjs.org/@radix-ui/primitive/-/primitive-1.1.1.tgz 0ms (cache hit)
1543 http cache zod@https://registry.npmjs.org/zod/-/zod-3.25.76.tgz 0ms (cache hit)
1544 http cache tw-animate-css@https://registry.npmjs.org/tw-animate-css/-/tw-animate-css-1.3.3.tgz 0ms (cache hit)
1545 http cache vaul@https://registry.npmjs.org/vaul/-/vaul-1.1.2.tgz 0ms (cache hit)
1546 http cache tailwindcss-animate@https://registry.npmjs.org/tailwindcss-animate/-/tailwindcss-animate-1.0.7.tgz 0ms (cache hit)
1547 http cache tailwindcss@https://registry.npmjs.org/tailwindcss/-/tailwindcss-4.3.3.tgz 0ms (cache hit)
1548 http cache tailwind-merge@https://registry.npmjs.org/tailwind-merge/-/tailwind-merge-3.7.0.tgz 0ms (cache hit)
1549 http cache typescript@https://registry.npmjs.org/typescript/-/typescript-5.9.3.tgz 0ms (cache hit)
1550 http cache recharts@https://registry.npmjs.org/recharts/-/recharts-2.15.4.tgz 0ms (cache hit)
1551 http cache react-day-picker@https://registry.npmjs.org/react-day-picker/-/react-day-picker-9.8.0.tgz 0ms (cache hit)
1552 http cache next-themes@https://registry.npmjs.org/next-themes/-/next-themes-0.4.6.tgz 0ms (cache hit)
1553 http cache next@https://registry.npmjs.org/next/-/next-16.0.10.tgz 0ms (cache hit)
1554 http cache sonner@https://registry.npmjs.org/sonner/-/sonner-1.7.4.tgz 0ms (cache hit)
1555 http cache lenis@https://registry.npmjs.org/lenis/-/lenis-1.3.26.tgz 1ms (cache hit)
1556 http cache lucide-react@https://registry.npmjs.org/lucide-react/-/lucide-react-0.454.0.tgz 0ms (cache hit)
1557 http cache framer-motion@https://registry.npmjs.org/framer-motion/-/framer-motion-13.4.4.tgz 0ms (cache hit)
1558 http cache input-otp@https://registry.npmjs.org/input-otp/-/input-otp-1.4.1.tgz 0ms (cache hit)
1559 http cache react-resizable-panels@https://registry.npmjs.org/react-resizable-panels/-/react-resizable-panels-2.1.9.tgz 0ms (cache hit)
1560 http cache cmdk@https://registry.npmjs.org/cmdk/-/cmdk-1.0.4.tgz 0ms (cache hit)
1561 http cache date-fns@https://registry.npmjs.org/date-fns/-/date-fns-4.1.0.tgz 0ms (cache hit)
1562 http cache class-variance-authority@https://registry.npmjs.org/class-variance-authority/-/class-variance-authority-0.7.1.tgz 0ms (cache hit)
1563 http cache postcss@https://registry.npmjs.org/postcss/-/postcss-8.5.28.tgz 0ms (cache hit)
1564 http cache @vercel/analytics@https://registry.npmjs.org/@vercel/analytics/-/analytics-1.3.1.tgz 0ms (cache hit)
1565 http cache autoprefixer@https://registry.npmjs.org/autoprefixer/-/autoprefixer-10.6.1.tgz 0ms (cache hit)
1566 http cache clsx@https://registry.npmjs.org/clsx/-/clsx-2.1.1.tgz 0ms (cache hit)
1567 http cache @types/react-dom@https://registry.npmjs.org/@types/react-dom/-/react-dom-19.3.0.tgz 0ms (cache hit)
1568 http cache embla-carousel-react@https://registry.npmjs.org/embla-carousel-react/-/embla-carousel-react-8.5.1.tgz 0ms (cache hit)
1569 http cache @types/react@https://registry.npmjs.org/@types/react/-/react-19.3.0.tgz 0ms (cache hit)
1570 http cache @tailwindcss/postcss@https://registry.npmjs.org/@tailwindcss/postcss/-/postcss-4.3.3.tgz 0ms (cache hit)
1571 http cache @radix-ui/react-toggle-group@https://registry.npmjs.org/@radix-ui/react-toggle-group/-/react-toggle-group-1.1.1.tgz 0ms (cache hit)
1572 http cache @types/node@https://registry.npmjs.org/@types/node/-/node-22.20.4.tgz 0ms (cache hit)
1573 http cache @radix-ui/react-toast@https://registry.npmjs.org/@radix-ui/react-toast/-/react-toast-1.2.4.tgz 0ms (cache hit)
1574 http cache @radix-ui/react-tooltip@https://registry.npmjs.org/@radix-ui/react-tooltip/-/react-tooltip-1.1.6.tgz 0ms (cache hit)
1575 http cache @radix-ui/react-tabs@https://registry.npmjs.org/@radix-ui/react-tabs/-/react-tabs-1.1.2.tgz 0ms (cache hit)
1576 http cache @radix-ui/react-switch@https://registry.npmjs.org/@radix-ui/react-switch/-/react-switch-1.1.2.tgz 0ms (cache hit)
1577 http cache @radix-ui/react-separator@https://registry.npmjs.org/@radix-ui/react-separator/-/react-separator-1.1.1.tgz 0ms (cache hit)
1578 http cache @radix-ui/react-slider@https://registry.npmjs.org/@radix-ui/react-slider/-/react-slider-1.2.2.tgz 0ms (cache hit)
1579 http cache @radix-ui/react-slot@https://registry.npmjs.org/@radix-ui/react-slot/-/react-slot-1.1.1.tgz 0ms (cache hit)
1580 http cache @radix-ui/react-select@https://registry.npmjs.org/@radix-ui/react-select/-/react-select-2.1.4.tgz 0ms (cache hit)
1581 http cache @radix-ui/react-progress@https://registry.npmjs.org/@radix-ui/react-progress/-/react-progress-1.1.1.tgz 0ms (cache hit)
1582 http cache @radix-ui/react-radio-group@https://registry.npmjs.org/@radix-ui/react-radio-group/-/react-radio-group-1.2.2.tgz 0ms (cache hit)
1583 http cache @radix-ui/react-scroll-area@https://registry.npmjs.org/@radix-ui/react-scroll-area/-/react-scroll-area-1.2.2.tgz 0ms (cache hit)
1584 http cache @radix-ui/react-popover@https://registry.npmjs.org/@radix-ui/react-popover/-/react-popover-1.1.4.tgz 0ms (cache hit)
1585 http cache @radix-ui/react-navigation-menu@https://registry.npmjs.org/@radix-ui/react-navigation-menu/-/react-navigation-menu-1.2.3.tgz 0ms (cache hit)
1586 http cache @radix-ui/react-label@https://registry.npmjs.org/@radix-ui/react-label/-/react-label-2.1.1.tgz 0ms (cache hit)
1587 http cache @radix-ui/react-menubar@https://registry.npmjs.org/@radix-ui/react-menubar/-/react-menubar-1.1.4.tgz 0ms (cache hit)
1588 http cache @radix-ui/react-dropdown-menu@https://registry.npmjs.org/@radix-ui/react-dropdown-menu/-/react-dropdown-menu-2.1.4.tgz 0ms (cache hit)
1589 http cache @radix-ui/react-hover-card@https://registry.npmjs.org/@radix-ui/react-hover-card/-/react-hover-card-1.1.4.tgz 0ms (cache hit)
1590 http cache @radix-ui/react-context-menu@https://registry.npmjs.org/@radix-ui/react-context-menu/-/react-context-menu-2.2.4.tgz 0ms (cache hit)
1591 http cache @radix-ui/react-collapsible@https://registry.npmjs.org/@radix-ui/react-collapsible/-/react-collapsible-1.1.2.tgz 0ms (cache hit)
1592 http cache @radix-ui/react-avatar@https://registry.npmjs.org/@radix-ui/react-avatar/-/react-avatar-1.1.2.tgz 0ms (cache hit)
1593 http cache @radix-ui/react-checkbox@https://registry.npmjs.org/@radix-ui/react-checkbox/-/react-checkbox-1.1.3.tgz 0ms (cache hit)
1594 http cache @radix-ui/react-aspect-ratio@https://registry.npmjs.org/@radix-ui/react-aspect-ratio/-/react-aspect-ratio-1.1.1.tgz 0ms (cache hit)
1595 http cache @radix-ui/react-dialog@https://registry.npmjs.org/@radix-ui/react-dialog/-/react-dialog-1.1.4.tgz 0ms (cache hit)
1596 http cache @radix-ui/react-toggle@https://registry.npmjs.org/@radix-ui/react-toggle/-/react-toggle-1.1.1.tgz 0ms (cache hit)
1597 http cache @radix-ui/react-alert-dialog@https://registry.npmjs.org/@radix-ui/react-alert-dialog/-/react-alert-dialog-1.1.4.tgz 0ms (cache hit)
1598 http cache react-dom@https://registry.npmjs.org/react-dom/-/react-dom-19.2.0.tgz 0ms (cache hit)
1599 http cache @hookform/resolvers@https://registry.npmjs.org/@hookform/resolvers/-/resolvers-3.10.0.tgz 0ms (cache hit)
1600 http cache react@https://registry.npmjs.org/react/-/react-19.2.0.tgz 0ms (cache hit)
1601 http cache react-is@https://registry.npmjs.org/react-is/-/react-is-16.13.1.tgz 0ms (cache hit)
1602 http cache @radix-ui/react-accordion@https://registry.npmjs.org/@radix-ui/react-accordion/-/react-accordion-1.2.2.tgz 0ms (cache hit)
1603 http cache postcss@https://registry.npmjs.org/postcss/-/postcss-8.4.31.tgz 0ms (cache hit)
1604 http cache react-hook-form@https://registry.npmjs.org/react-hook-form/-/react-hook-form-7.89.0.tgz 0ms (cache hit)
1605 silly tarball no local data for d3-path@https://registry.npmjs.org/d3-path/-/d3-path-3.1.0.tgz. Extracting by manifest.
1606 silly tarball no local data for d3-time-format@https://registry.npmjs.org/d3-time-format/-/d3-time-format-4.1.0.tgz. Extracting by manifest.
1607 silly tarball no local data for internmap@https://registry.npmjs.org/internmap/-/internmap-2.0.3.tgz. Extracting by manifest.
1608 silly tarball no local data for d3-format@https://registry.npmjs.org/d3-format/-/d3-format-3.1.2.tgz. Extracting by manifest.
1609 silly tarball no local data for @types/d3-path@https://registry.npmjs.org/@types/d3-path/-/d3-path-3.1.1.tgz. Extracting by manifest.
1610 silly tarball no local data for @types/d3-color@https://registry.npmjs.org/@types/d3-color/-/d3-color-3.1.3.tgz. Extracting by manifest.
1611 silly tarball no local data for d3-color@https://registry.npmjs.org/d3-color/-/d3-color-3.1.0.tgz. Extracting by manifest.
1612 silly tarball no local data for d3-shape@https://registry.npmjs.org/d3-shape/-/d3-shape-3.2.0.tgz. Extracting by manifest.
1613 silly tarball no local data for d3-scale@https://registry.npmjs.org/d3-scale/-/d3-scale-4.0.2.tgz. Extracting by manifest.
1614 silly tarball no local data for d3-interpolate@https://registry.npmjs.org/d3-interpolate/-/d3-interpolate-3.0.1.tgz. Extracting by manifest.
1615 silly tarball no local data for d3-time@https://registry.npmjs.org/d3-time/-/d3-time-3.1.0.tgz. Extracting by manifest.
1616 silly tarball no local data for d3-ease@https://registry.npmjs.org/d3-ease/-/d3-ease-3.0.1.tgz. Extracting by manifest.
1617 silly tarball no local data for @types/d3-timer@https://registry.npmjs.org/@types/d3-timer/-/d3-timer-3.0.2.tgz. Extracting by manifest.
1618 silly tarball no local data for d3-array@https://registry.npmjs.org/d3-array/-/d3-array-3.2.4.tgz. Extracting by manifest.
1619 silly tarball no local data for @types/d3-time@https://registry.npmjs.org/@types/d3-time/-/d3-time-3.0.4.tgz. Extracting by manifest.
1620 silly tarball no local data for @types/d3-shape@https://registry.npmjs.org/@types/d3-shape/-/d3-shape-3.2.0.tgz. Extracting by manifest.
1621 silly tarball no local data for @types/d3-scale@https://registry.npmjs.org/@types/d3-scale/-/d3-scale-4.0.9.tgz. Extracting by manifest.
1622 silly tarball no local data for @types/d3-interpolate@https://registry.npmjs.org/@types/d3-interpolate/-/d3-interpolate-3.0.4.tgz. Extracting by manifest.
1623 silly tarball no local data for @types/d3-ease@https://registry.npmjs.org/@types/d3-ease/-/d3-ease-3.0.2.tgz. Extracting by manifest.
1624 silly tarball no local data for @types/d3-array@https://registry.npmjs.org/@types/d3-array/-/d3-array-3.2.2.tgz. Extracting by manifest.
1625 silly tarball no local data for detect-node-es@https://registry.npmjs.org/detect-node-es/-/detect-node-es-1.1.0.tgz. Extracting by manifest.
1626 silly tarball no local data for client-only@https://registry.npmjs.org/client-only/-/client-only-0.0.1.tgz. Extracting by manifest.
1627 silly tarball no local data for escalade@https://registry.npmjs.org/escalade/-/escalade-3.2.0.tgz. Extracting by manifest.
1628 silly tarball no local data for semver@https://registry.npmjs.org/semver/-/semver-7.8.5.tgz. Extracting by manifest.
1629 silly tarball no local data for @img/colour@https://registry.npmjs.org/@img/colour/-/colour-1.1.0.tgz. Extracting by manifest.
1630 silly tarball no local data for @img/sharp-darwin-arm64@https://registry.npmjs.org/@img/sharp-darwin-arm64/-/sharp-darwin-arm64-0.34.5.tgz. Extracting by manifest.
1631 silly tarball no local data for @emnapi/runtime@https://registry.npmjs.org/@emnapi/runtime/-/runtime-1.11.3.tgz. Extracting by manifest.
1632 silly tarball no local data for @img/sharp-libvips-darwin-arm64@https://registry.npmjs.org/@img/sharp-libvips-darwin-arm64/-/sharp-libvips-darwin-arm64-1.2.4.tgz. Extracting by manifest.
1633 silly tarball no local data for decimal.js-light@https://registry.npmjs.org/decimal.js-light/-/decimal.js-light-2.5.1.tgz. Extracting by manifest.
1634 silly tarball no local data for dom-helpers@https://registry.npmjs.org/dom-helpers/-/dom-helpers-5.2.1.tgz. Extracting by manifest.
1635 silly tarball no local data for js-tokens@https://registry.npmjs.org/js-tokens/-/js-tokens-4.0.0.tgz. Extracting by manifest.
1636 silly tarball no local data for @babel/runtime@https://registry.npmjs.org/@babel/runtime/-/runtime-7.29.7.tgz. Extracting by manifest.
1637 silly tarball no local data for object-assign@https://registry.npmjs.org/object-assign/-/object-assign-4.1.1.tgz. Extracting by manifest.
1638 silly tarball no local data for loose-envify@https://registry.npmjs.org/loose-envify/-/loose-envify-1.4.0.tgz. Extracting by manifest.
1639 silly tarball no local data for react-transition-group@https://registry.npmjs.org/react-transition-group/-/react-transition-group-4.4.5.tgz. Extracting by manifest.
1640 silly tarball no local data for prop-types@https://registry.npmjs.org/prop-types/-/prop-types-15.8.1.tgz. Extracting by manifest.
1641 silly tarball no local data for fast-equals@https://registry.npmjs.org/fast-equals/-/fast-equals-5.4.3.tgz. Extracting by manifest.
1642 silly tarball no local data for tiny-invariant@https://registry.npmjs.org/tiny-invariant/-/tiny-invariant-1.3.3.tgz. Extracting by manifest.
1643 silly tarball no local data for victory-vendor@https://registry.npmjs.org/victory-vendor/-/victory-vendor-36.9.2.tgz. Extracting by manifest.
1644 silly tarball no local data for react-smooth@https://registry.npmjs.org/react-smooth/-/react-smooth-4.0.4.tgz. Extracting by manifest.
1645 silly tarball no local data for d3-timer@https://registry.npmjs.org/d3-timer/-/d3-timer-3.0.1.tgz. Extracting by manifest.
1646 silly tarball no local data for react-is@https://registry.npmjs.org/react-is/-/react-is-18.3.1.tgz. Extracting by manifest.
1647 silly tarball no local data for lodash@https://registry.npmjs.org/lodash/-/lodash-4.18.1.tgz. Extracting by manifest.
1648 silly tarball no local data for eventemitter3@https://registry.npmjs.org/eventemitter3/-/eventemitter3-4.0.7.tgz. Extracting by manifest.
1649 silly tarball no local data for use-sidecar@https://registry.npmjs.org/use-sidecar/-/use-sidecar-1.1.3.tgz. Extracting by manifest.
1650 silly tarball no local data for get-nonce@https://registry.npmjs.org/get-nonce/-/get-nonce-1.0.1.tgz. Extracting by manifest.
1651 silly tarball no local data for use-callback-ref@https://registry.npmjs.org/use-callback-ref/-/use-callback-ref-1.3.3.tgz. Extracting by manifest.
1652 silly tarball no local data for recharts-scale@https://registry.npmjs.org/recharts-scale/-/recharts-scale-0.4.5.tgz. Extracting by manifest.
1653 silly tarball no local data for react-style-singleton@https://registry.npmjs.org/react-style-singleton/-/react-style-singleton-2.2.3.tgz. Extracting by manifest.
1654 silly tarball no local data for react-remove-scroll-bar@https://registry.npmjs.org/react-remove-scroll-bar/-/react-remove-scroll-bar-2.3.8.tgz. Extracting by manifest.
1655 silly tarball no local data for @date-fns/tz@https://registry.npmjs.org/@date-fns/tz/-/tz-1.2.0.tgz. Extracting by manifest.
1656 silly tarball no local data for nanoid@https://registry.npmjs.org/nanoid/-/nanoid-3.3.19.tgz. Extracting by manifest.
1657 silly tarball no local data for styled-jsx@https://registry.npmjs.org/styled-jsx/-/styled-jsx-5.1.6.tgz. Extracting by manifest.
1658 silly tarball no local data for scheduler@https://registry.npmjs.org/scheduler/-/scheduler-0.27.0.tgz. Extracting by manifest.
1659 silly tarball no local data for sharp@https://registry.npmjs.org/sharp/-/sharp-0.34.5.tgz. Extracting by manifest.
1660 silly tarball no local data for @swc/helpers@https://registry.npmjs.org/@swc/helpers/-/helpers-0.5.15.tgz. Extracting by manifest.
1661 silly tarball no local data for @next/swc-darwin-arm64@https://registry.npmjs.org/@next/swc-darwin-arm64/-/swc-darwin-arm64-16.0.10.tgz. Extracting by manifest.
1662 silly tarball no local data for date-fns-jalali@https://registry.npmjs.org/date-fns-jalali/-/date-fns-jalali-4.1.0-0.tgz. Extracting by manifest.
1663 silly tarball no local data for @next/env@https://registry.npmjs.org/@next/env/-/env-16.0.10.tgz. Extracting by manifest.
1664 silly tarball no local data for detect-libc@https://registry.npmjs.org/detect-libc/-/detect-libc-2.1.2.tgz. Extracting by manifest.
1665 silly tarball no local data for lightningcss-darwin-arm64@https://registry.npmjs.org/lightningcss-darwin-arm64/-/lightningcss-darwin-arm64-1.32.0.tgz. Extracting by manifest.
1666 silly tarball no local data for motion-dom@https://registry.npmjs.org/motion-dom/-/motion-dom-13.4.4.tgz. Extracting by manifest.
1667 silly tarball no local data for graceful-fs@https://registry.npmjs.org/graceful-fs/-/graceful-fs-4.2.11.tgz. Extracting by manifest.
1668 silly tarball no local data for embla-carousel-reactive-utils@https://registry.npmjs.org/embla-carousel-reactive-utils/-/embla-carousel-reactive-utils-8.5.1.tgz. Extracting by manifest.
1669 silly tarball no local data for embla-carousel@https://registry.npmjs.org/embla-carousel/-/embla-carousel-8.5.1.tgz. Extracting by manifest.
1670 silly tarball no local data for use-sync-external-store@https://registry.npmjs.org/use-sync-external-store/-/use-sync-external-store-1.7.0.tgz. Extracting by manifest.
1671 silly tarball no local data for motion-utils@https://registry.npmjs.org/motion-utils/-/motion-utils-13.3.0.tgz. Extracting by manifest.
1672 silly tarball no local data for update-browserslist-db@https://registry.npmjs.org/update-browserslist-db/-/update-browserslist-db-1.3.3.tgz. Extracting by manifest.
1673 silly tarball no local data for node-releases@https://registry.npmjs.org/node-releases/-/node-releases-2.0.57.tgz. Extracting by manifest.
1674 silly tarball no local data for electron-to-chromium@https://registry.npmjs.org/electron-to-chromium/-/electron-to-chromium-1.5.439.tgz. Extracting by manifest.
1675 silly tarball no local data for baseline-browser-mapping@https://registry.npmjs.org/baseline-browser-mapping/-/baseline-browser-mapping-2.11.26.tgz. Extracting by manifest.
1676 silly tarball no local data for postcss-value-parser@https://registry.npmjs.org/postcss-value-parser/-/postcss-value-parser-4.2.0.tgz. Extracting by manifest.
1677 silly tarball no local data for tapable@https://registry.npmjs.org/tapable/-/tapable-2.3.3.tgz. Extracting by manifest.
1678 silly tarball no local data for picocolors@https://registry.npmjs.org/picocolors/-/picocolors-1.1.1.tgz. Extracting by manifest.
1679 silly tarball no local data for fraction.js@https://registry.npmjs.org/fraction.js/-/fraction.js-5.3.4.tgz. Extracting by manifest.
1680 silly tarball no local data for caniuse-lite@https://registry.npmjs.org/caniuse-lite/-/caniuse-lite-1.0.30001812.tgz. Extracting by manifest.
1681 silly tarball no local data for tslib@https://registry.npmjs.org/tslib/-/tslib-2.8.1.tgz. Extracting by manifest.
1682 silly tarball no local data for server-only@https://registry.npmjs.org/server-only/-/server-only-0.0.1.tgz. Extracting by manifest.
1683 silly tarball no local data for csstype@https://registry.npmjs.org/csstype/-/csstype-3.2.3.tgz. Extracting by manifest.
1684 silly tarball no local data for @tailwindcss/oxide-darwin-arm64@https://registry.npmjs.org/@tailwindcss/oxide-darwin-arm64/-/oxide-darwin-arm64-4.3.3.tgz. Extracting by manifest.
1685 silly tarball no local data for browserslist@https://registry.npmjs.org/browserslist/-/browserslist-4.29.1.tgz. Extracting by manifest.
1686 silly tarball no local data for @jridgewell/resolve-uri@https://registry.npmjs.org/@jridgewell/resolve-uri/-/resolve-uri-3.1.2.tgz. Extracting by manifest.
1687 silly tarball no local data for @jridgewell/trace-mapping@https://registry.npmjs.org/@jridgewell/trace-mapping/-/trace-mapping-0.3.31.tgz. Extracting by manifest.
1688 silly tarball no local data for @jridgewell/gen-mapping@https://registry.npmjs.org/@jridgewell/gen-mapping/-/gen-mapping-0.3.13.tgz. Extracting by manifest.
1689 silly tarball no local data for source-map-js@https://registry.npmjs.org/source-map-js/-/source-map-js-1.2.1.tgz. Extracting by manifest.
1690 silly tarball no local data for undici-types@https://registry.npmjs.org/undici-types/-/undici-types-6.21.0.tgz. Extracting by manifest.
1691 silly tarball no local data for magic-string@https://registry.npmjs.org/magic-string/-/magic-string-0.30.21.tgz. Extracting by manifest.
1692 silly tarball no local data for @jridgewell/sourcemap-codec@https://registry.npmjs.org/@jridgewell/sourcemap-codec/-/sourcemap-codec-1.6.0.tgz. Extracting by manifest.
1693 silly tarball no local data for jiti@https://registry.npmjs.org/jiti/-/jiti-2.7.0.tgz. Extracting by manifest.
1694 silly tarball no local data for lightningcss@https://registry.npmjs.org/lightningcss/-/lightningcss-1.32.0.tgz. Extracting by manifest.
1695 silly tarball no local data for enhanced-resolve@https://registry.npmjs.org/enhanced-resolve/-/enhanced-resolve-5.25.1.tgz. Extracting by manifest.
1696 silly tarball no local data for @tailwindcss/node@https://registry.npmjs.org/@tailwindcss/node/-/node-4.3.3.tgz. Extracting by manifest.
1697 silly tarball no local data for @tailwindcss/oxide@https://registry.npmjs.org/@tailwindcss/oxide/-/oxide-4.3.3.tgz. Extracting by manifest.
1698 silly tarball no local data for @alloc/quick-lru@https://registry.npmjs.org/@alloc/quick-lru/-/quick-lru-5.3.0.tgz. Extracting by manifest.
1699 silly tarball no local data for @jridgewell/remapping@https://registry.npmjs.org/@jridgewell/remapping/-/remapping-2.3.5.tgz. Extracting by manifest.
1700 silly tarball no local data for @radix-ui/number@https://registry.npmjs.org/@radix-ui/number/-/number-1.1.0.tgz. Extracting by manifest.
1701 silly tarball no local data for @floating-ui/core@https://registry.npmjs.org/@floating-ui/core/-/core-1.8.0.tgz. Extracting by manifest.
1702 silly tarball no local data for @radix-ui/rect@https://registry.npmjs.org/@radix-ui/rect/-/rect-1.1.0.tgz. Extracting by manifest.
1703 silly tarball no local data for @floating-ui/dom@https://registry.npmjs.org/@floating-ui/dom/-/dom-1.8.0.tgz. Extracting by manifest.
1704 silly tarball no local data for @floating-ui/utils@https://registry.npmjs.org/@floating-ui/utils/-/utils-0.2.12.tgz. Extracting by manifest.
1705 silly tarball no local data for @radix-ui/react-use-rect@https://registry.npmjs.org/@radix-ui/react-use-rect/-/react-use-rect-1.1.0.tgz. Extracting by manifest.
1706 silly tarball no local data for @radix-ui/react-visually-hidden@https://registry.npmjs.org/@radix-ui/react-visually-hidden/-/react-visually-hidden-1.1.1.tgz. Extracting by manifest.
1707 silly tarball no local data for @floating-ui/react-dom@https://registry.npmjs.org/@floating-ui/react-dom/-/react-dom-2.1.9.tgz. Extracting by manifest.
1708 silly tarball no local data for @radix-ui/react-roving-focus@https://registry.npmjs.org/@radix-ui/react-roving-focus/-/react-roving-focus-1.1.1.tgz. Extracting by manifest.
1709 silly tarball no local data for @radix-ui/react-popper@https://registry.npmjs.org/@radix-ui/react-popper/-/react-popper-1.2.1.tgz. Extracting by manifest.
1710 silly tarball no local data for react-remove-scroll@https://registry.npmjs.org/react-remove-scroll/-/react-remove-scroll-2.7.2.tgz. Extracting by manifest.
1711 silly tarball no local data for @radix-ui/react-arrow@https://registry.npmjs.org/@radix-ui/react-arrow/-/react-arrow-1.1.1.tgz. Extracting by manifest.
1712 silly tarball no local data for @radix-ui/react-use-escape-keydown@https://registry.npmjs.org/@radix-ui/react-use-escape-keydown/-/react-use-escape-keydown-1.1.0.tgz. Extracting by manifest.
1713 silly tarball no local data for aria-hidden@https://registry.npmjs.org/aria-hidden/-/aria-hidden-1.2.6.tgz. Extracting by manifest.
1714 silly tarball no local data for @radix-ui/react-portal@https://registry.npmjs.org/@radix-ui/react-portal/-/react-portal-1.1.3.tgz. Extracting by manifest.
1715 silly tarball no local data for @radix-ui/react-focus-scope@https://registry.npmjs.org/@radix-ui/react-focus-scope/-/react-focus-scope-1.1.1.tgz. Extracting by manifest.
1716 silly tarball no local data for @radix-ui/react-focus-guards@https://registry.npmjs.org/@radix-ui/react-focus-guards/-/react-focus-guards-1.1.1.tgz. Extracting by manifest.
1717 silly tarball no local data for @radix-ui/react-use-size@https://registry.npmjs.org/@radix-ui/react-use-size/-/react-use-size-1.1.0.tgz. Extracting by manifest.
1718 silly tarball no local data for @radix-ui/react-menu@https://registry.npmjs.org/@radix-ui/react-menu/-/react-menu-2.1.4.tgz. Extracting by manifest.
1719 silly tarball no local data for @radix-ui/react-dismissable-layer@https://registry.npmjs.org/@radix-ui/react-dismissable-layer/-/react-dismissable-layer-1.1.3.tgz. Extracting by manifest.
1720 silly tarball no local data for @radix-ui/react-use-previous@https://registry.npmjs.org/@radix-ui/react-use-previous/-/react-use-previous-1.1.0.tgz. Extracting by manifest.
1721 silly tarball no local data for @radix-ui/react-use-layout-effect@https://registry.npmjs.org/@radix-ui/react-use-layout-effect/-/react-use-layout-effect-1.1.0.tgz. Extracting by manifest.
1722 silly tarball no local data for @radix-ui/react-use-callback-ref@https://registry.npmjs.org/@radix-ui/react-use-callback-ref/-/react-use-callback-ref-1.1.0.tgz. Extracting by manifest.
1723 silly tarball no local data for @radix-ui/react-presence@https://registry.npmjs.org/@radix-ui/react-presence/-/react-presence-1.1.2.tgz. Extracting by manifest.
1724 silly tarball no local data for @radix-ui/react-use-controllable-state@https://registry.npmjs.org/@radix-ui/react-use-controllable-state/-/react-use-controllable-state-1.1.0.tgz. Extracting by manifest.
1725 silly tarball no local data for @radix-ui/react-direction@https://registry.npmjs.org/@radix-ui/react-direction/-/react-direction-1.1.0.tgz. Extracting by manifest.
1726 silly tarball no local data for @radix-ui/react-id@https://registry.npmjs.org/@radix-ui/react-id/-/react-id-1.1.0.tgz. Extracting by manifest.
1727 silly tarball no local data for @radix-ui/react-primitive@https://registry.npmjs.org/@radix-ui/react-primitive/-/react-primitive-2.0.1.tgz. Extracting by manifest.
1728 silly tarball no local data for @radix-ui/react-collection@https://registry.npmjs.org/@radix-ui/react-collection/-/react-collection-1.1.1.tgz. Extracting by manifest.
1729 silly tarball no local data for @radix-ui/react-context@https://registry.npmjs.org/@radix-ui/react-context/-/react-context-1.1.1.tgz. Extracting by manifest.
1730 silly tarball no local data for @radix-ui/react-compose-refs@https://registry.npmjs.org/@radix-ui/react-compose-refs/-/react-compose-refs-1.1.1.tgz. Extracting by manifest.
1731 silly tarball no local data for @radix-ui/primitive@https://registry.npmjs.org/@radix-ui/primitive/-/primitive-1.1.1.tgz. Extracting by manifest.
1732 silly tarball no local data for zod@https://registry.npmjs.org/zod/-/zod-3.25.76.tgz. Extracting by manifest.
1733 silly tarball no local data for tw-animate-css@https://registry.npmjs.org/tw-animate-css/-/tw-animate-css-1.3.3.tgz. Extracting by manifest.
1734 silly tarball no local data for vaul@https://registry.npmjs.org/vaul/-/vaul-1.1.2.tgz. Extracting by manifest.
1735 silly tarball no local data for tailwindcss-animate@https://registry.npmjs.org/tailwindcss-animate/-/tailwindcss-animate-1.0.7.tgz. Extracting by manifest.
1736 silly tarball no local data for tailwindcss@https://registry.npmjs.org/tailwindcss/-/tailwindcss-4.3.3.tgz. Extracting by manifest.
1737 silly tarball no local data for tailwind-merge@https://registry.npmjs.org/tailwind-merge/-/tailwind-merge-3.7.0.tgz. Extracting by manifest.
1738 silly tarball no local data for typescript@https://registry.npmjs.org/typescript/-/typescript-5.9.3.tgz. Extracting by manifest.
1739 silly tarball no local data for recharts@https://registry.npmjs.org/recharts/-/recharts-2.15.4.tgz. Extracting by manifest.
1740 silly tarball no local data for react-day-picker@https://registry.npmjs.org/react-day-picker/-/react-day-picker-9.8.0.tgz. Extracting by manifest.
1741 silly tarball no local data for next-themes@https://registry.npmjs.org/next-themes/-/next-themes-0.4.6.tgz. Extracting by manifest.
1742 silly tarball no local data for next@https://registry.npmjs.org/next/-/next-16.0.10.tgz. Extracting by manifest.
1743 silly tarball no local data for sonner@https://registry.npmjs.org/sonner/-/sonner-1.7.4.tgz. Extracting by manifest.
1744 silly tarball no local data for lenis@https://registry.npmjs.org/lenis/-/lenis-1.3.26.tgz. Extracting by manifest.
1745 silly tarball no local data for lucide-react@https://registry.npmjs.org/lucide-react/-/lucide-react-0.454.0.tgz. Extracting by manifest.
1746 silly tarball no local data for framer-motion@https://registry.npmjs.org/framer-motion/-/framer-motion-13.4.4.tgz. Extracting by manifest.
1747 silly tarball no local data for input-otp@https://registry.npmjs.org/input-otp/-/input-otp-1.4.1.tgz. Extracting by manifest.
1748 silly tarball no local data for react-resizable-panels@https://registry.npmjs.org/react-resizable-panels/-/react-resizable-panels-2.1.9.tgz. Extracting by manifest.
1749 silly tarball no local data for cmdk@https://registry.npmjs.org/cmdk/-/cmdk-1.0.4.tgz. Extracting by manifest.
1750 silly tarball no local data for date-fns@https://registry.npmjs.org/date-fns/-/date-fns-4.1.0.tgz. Extracting by manifest.
1751 silly tarball no local data for class-variance-authority@https://registry.npmjs.org/class-variance-authority/-/class-variance-authority-0.7.1.tgz. Extracting by manifest.
1752 silly tarball no local data for postcss@https://registry.npmjs.org/postcss/-/postcss-8.5.28.tgz. Extracting by manifest.
1753 silly tarball no local data for @vercel/analytics@https://registry.npmjs.org/@vercel/analytics/-/analytics-1.3.1.tgz. Extracting by manifest.
1754 silly tarball no local data for autoprefixer@https://registry.npmjs.org/autoprefixer/-/autoprefixer-10.6.1.tgz. Extracting by manifest.
1755 silly tarball no local data for clsx@https://registry.npmjs.org/clsx/-/clsx-2.1.1.tgz. Extracting by manifest.
1756 silly tarball no local data for @types/react-dom@https://registry.npmjs.org/@types/react-dom/-/react-dom-19.3.0.tgz. Extracting by manifest.
1757 silly tarball no local data for embla-carousel-react@https://registry.npmjs.org/embla-carousel-react/-/embla-carousel-react-8.5.1.tgz. Extracting by manifest.
1758 silly tarball no local data for @types/react@https://registry.npmjs.org/@types/react/-/react-19.3.0.tgz. Extracting by manifest.
1759 silly tarball no local data for @tailwindcss/postcss@https://registry.npmjs.org/@tailwindcss/postcss/-/postcss-4.3.3.tgz. Extracting by manifest.
1760 silly tarball no local data for @radix-ui/react-toggle-group@https://registry.npmjs.org/@radix-ui/react-toggle-group/-/react-toggle-group-1.1.1.tgz. Extracting by manifest.
1761 silly tarball no local data for @types/node@https://registry.npmjs.org/@types/node/-/node-22.20.4.tgz. Extracting by manifest.
1762 silly tarball no local data for @radix-ui/react-toast@https://registry.npmjs.org/@radix-ui/react-toast/-/react-toast-1.2.4.tgz. Extracting by manifest.
1763 silly tarball no local data for @radix-ui/react-tooltip@https://registry.npmjs.org/@radix-ui/react-tooltip/-/react-tooltip-1.1.6.tgz. Extracting by manifest.
1764 silly tarball no local data for @radix-ui/react-tabs@https://registry.npmjs.org/@radix-ui/react-tabs/-/react-tabs-1.1.2.tgz. Extracting by manifest.
1765 silly tarball no local data for @radix-ui/react-switch@https://registry.npmjs.org/@radix-ui/react-switch/-/react-switch-1.1.2.tgz. Extracting by manifest.
1766 silly tarball no local data for @radix-ui/react-separator@https://registry.npmjs.org/@radix-ui/react-separator/-/react-separator-1.1.1.tgz. Extracting by manifest.
1767 silly tarball no local data for @radix-ui/react-slider@https://registry.npmjs.org/@radix-ui/react-slider/-/react-slider-1.2.2.tgz. Extracting by manifest.
1768 silly tarball no local data for @radix-ui/react-slot@https://registry.npmjs.org/@radix-ui/react-slot/-/react-slot-1.1.1.tgz. Extracting by manifest.
1769 silly tarball no local data for @radix-ui/react-select@https://registry.npmjs.org/@radix-ui/react-select/-/react-select-2.1.4.tgz. Extracting by manifest.
1770 silly tarball no local data for @radix-ui/react-progress@https://registry.npmjs.org/@radix-ui/react-progress/-/react-progress-1.1.1.tgz. Extracting by manifest.
1771 silly tarball no local data for @radix-ui/react-radio-group@https://registry.npmjs.org/@radix-ui/react-radio-group/-/react-radio-group-1.2.2.tgz. Extracting by manifest.
1772 silly tarball no local data for @radix-ui/react-scroll-area@https://registry.npmjs.org/@radix-ui/react-scroll-area/-/react-scroll-area-1.2.2.tgz. Extracting by manifest.
1773 silly tarball no local data for @radix-ui/react-popover@https://registry.npmjs.org/@radix-ui/react-popover/-/react-popover-1.1.4.tgz. Extracting by manifest.
1774 silly tarball no local data for @radix-ui/react-navigation-menu@https://registry.npmjs.org/@radix-ui/react-navigation-menu/-/react-navigation-menu-1.2.3.tgz. Extracting by manifest.
1775 silly tarball no local data for @radix-ui/react-label@https://registry.npmjs.org/@radix-ui/react-label/-/react-label-2.1.1.tgz. Extracting by manifest.
1776 silly tarball no local data for @radix-ui/react-menubar@https://registry.npmjs.org/@radix-ui/react-menubar/-/react-menubar-1.1.4.tgz. Extracting by manifest.
1777 silly tarball no local data for @radix-ui/react-dropdown-menu@https://registry.npmjs.org/@radix-ui/react-dropdown-menu/-/react-dropdown-menu-2.1.4.tgz. Extracting by manifest.
1778 silly tarball no local data for @radix-ui/react-hover-card@https://registry.npmjs.org/@radix-ui/react-hover-card/-/react-hover-card-1.1.4.tgz. Extracting by manifest.
1779 silly tarball no local data for @radix-ui/react-context-menu@https://registry.npmjs.org/@radix-ui/react-context-menu/-/react-context-menu-2.2.4.tgz. Extracting by manifest.
1780 silly tarball no local data for @radix-ui/react-collapsible@https://registry.npmjs.org/@radix-ui/react-collapsible/-/react-collapsible-1.1.2.tgz. Extracting by manifest.
1781 silly tarball no local data for @radix-ui/react-avatar@https://registry.npmjs.org/@radix-ui/react-avatar/-/react-avatar-1.1.2.tgz. Extracting by manifest.
1782 silly tarball no local data for @radix-ui/react-checkbox@https://registry.npmjs.org/@radix-ui/react-checkbox/-/react-checkbox-1.1.3.tgz. Extracting by manifest.
1783 silly tarball no local data for @radix-ui/react-aspect-ratio@https://registry.npmjs.org/@radix-ui/react-aspect-ratio/-/react-aspect-ratio-1.1.1.tgz. Extracting by manifest.
1784 silly tarball no local data for @radix-ui/react-dialog@https://registry.npmjs.org/@radix-ui/react-dialog/-/react-dialog-1.1.4.tgz. Extracting by manifest.
1785 silly tarball no local data for @radix-ui/react-toggle@https://registry.npmjs.org/@radix-ui/react-toggle/-/react-toggle-1.1.1.tgz. Extracting by manifest.
1786 silly tarball no local data for @radix-ui/react-alert-dialog@https://registry.npmjs.org/@radix-ui/react-alert-dialog/-/react-alert-dialog-1.1.4.tgz. Extracting by manifest.
1787 silly tarball no local data for react-dom@https://registry.npmjs.org/react-dom/-/react-dom-19.2.0.tgz. Extracting by manifest.
1788 silly tarball no local data for @hookform/resolvers@https://registry.npmjs.org/@hookform/resolvers/-/resolvers-3.10.0.tgz. Extracting by manifest.
1789 silly tarball no local data for react@https://registry.npmjs.org/react/-/react-19.2.0.tgz. Extracting by manifest.
1790 silly tarball no local data for react-is@https://registry.npmjs.org/react-is/-/react-is-16.13.1.tgz. Extracting by manifest.
1791 silly tarball no local data for @radix-ui/react-accordion@https://registry.npmjs.org/@radix-ui/react-accordion/-/react-accordion-1.2.2.tgz. Extracting by manifest.
1792 silly tarball no local data for postcss@https://registry.npmjs.org/postcss/-/postcss-8.4.31.tgz. Extracting by manifest.
1793 silly tarball no local data for react-hook-form@https://registry.npmjs.org/react-hook-form/-/react-hook-form-7.89.0.tgz. Extracting by manifest.
1794 http fetch GET 200 https://registry.npmjs.org/@types/d3-color/-/d3-color-3.1.3.tgz 192ms (cache miss)
1795 http fetch GET 200 https://registry.npmjs.org/internmap/-/internmap-2.0.3.tgz 192ms (cache miss)
1796 http fetch GET 200 https://registry.npmjs.org/@types/d3-path/-/d3-path-3.1.1.tgz 193ms (cache miss)
1797 http fetch GET 200 https://registry.npmjs.org/d3-path/-/d3-path-3.1.0.tgz 194ms (cache miss)
1798 http fetch GET 200 https://registry.npmjs.org/d3-color/-/d3-color-3.1.0.tgz 195ms (cache miss)
1799 http fetch GET 200 https://registry.npmjs.org/d3-time-format/-/d3-time-format-4.1.0.tgz 204ms (cache miss)
1800 http fetch GET 200 https://registry.npmjs.org/d3-format/-/d3-format-3.1.2.tgz 206ms (cache miss)
1801 http fetch GET 200 https://registry.npmjs.org/d3-shape/-/d3-shape-3.2.0.tgz 238ms (cache miss)
1802 http fetch GET 200 https://registry.npmjs.org/detect-node-es/-/detect-node-es-1.1.0.tgz 264ms (cache miss)
1803 http fetch GET 200 https://registry.npmjs.org/@types/d3-scale/-/d3-scale-4.0.9.tgz 265ms (cache miss)
1804 http fetch GET 200 https://registry.npmjs.org/@types/d3-time/-/d3-time-3.0.4.tgz 265ms (cache miss)
1805 http fetch GET 200 https://registry.npmjs.org/@types/d3-interpolate/-/d3-interpolate-3.0.4.tgz 265ms (cache miss)
1806 http fetch GET 200 https://registry.npmjs.org/@types/d3-ease/-/d3-ease-3.0.2.tgz 265ms (cache miss)
1807 http fetch GET 200 https://registry.npmjs.org/@types/d3-shape/-/d3-shape-3.2.0.tgz 266ms (cache miss)
1808 http fetch GET 200 https://registry.npmjs.org/@types/d3-array/-/d3-array-3.2.2.tgz 265ms (cache miss)
1809 http fetch POST 200 https://registry.npmjs.org/-/npm/v1/security/advisories/bulk 328ms
1810 silly audit report {
1810 silly audit report   postcss: [
1810 silly audit report     {
1810 silly audit report       id: 1130709,
1810 silly audit report       url: 'https://github.com/advisories/GHSA-fxqj-rqcc-2cmp',
1810 silly audit report       title: 'PostCSS: incomplete fix of GHSA-6g55-p6wh-862q — attacker-controlled sourceMappingURL reads arbitrary .map files when `from` is unset',
1810 silly audit report       severity: 'moderate',
1810 silly audit report       vulnerable_versions: '<=8.5.22',
1810 silly audit report       cwe: [Array],
1810 silly audit report       cvss: [Object]
1810 silly audit report     },
1810 silly audit report     {
1810 silly audit report       id: 1117015,
1810 silly audit report       url: 'https://github.com/advisories/GHSA-qx2v-qp2m-jg93',
1810 silly audit report       title: 'PostCSS has XSS via Unescaped </style> in its CSS Stringify Output',
1810 silly audit report       severity: 'moderate',
1810 silly audit report       vulnerable_versions: '<8.5.10',
1810 silly audit report       cwe: [Array],
1810 silly audit report       cvss: [Object]
1810 silly audit report     },
1810 silly audit report     {
1810 silly audit report       id: 1124252,
1810 silly audit report       url: 'https://github.com/advisories/GHSA-6g55-p6wh-862q',
1810 silly audit report       title: 'PostCSS: Arbitrary file read and information disclosure via attacker-controlled sourceMappingURL in CSS comments',
1810 silly audit report       severity: 'high',
1810 silly audit report       vulnerable_versions: '<=8.5.11',
1810 silly audit report       cwe: [Array],
1810 silly audit report       cvss: [Object]
1810 silly audit report     },
1810 silly audit report     {
1810 silly audit report       id: 1139510,
1810 silly audit report       url: 'https://github.com/advisories/GHSA-r28c-9q8g-f849',
1810 silly audit report       title: 'PostCSS: Path Traversal in Previous Source Map Auto-Loading (sourceMappingURL) leads to Arbitrary .map File Disclosure',
1810 silly audit report       severity: 'high',
1810 silly audit report       vulnerable_versions: '<=8.5.17',
1810 silly audit report       cwe: [Array],
1810 silly audit report       cvss: [Object]
1810 silly audit report     }
1810 silly audit report   ],
1810 silly audit report   next: [
1810 silly audit report     {
1810 silly audit report       id: 1117930,
1810 silly audit report       url: 'https://github.com/advisories/GHSA-8h8q-6873-q5fj',
1810 silly audit report       title: 'Next.js Vulnerable to Denial of Service with Server Components',
1810 silly audit report       severity: 'high',
1810 silly audit report       vulnerable_versions: '>=16.0.0 <16.2.5',
1810 silly audit report       cwe: [Array],
1810 silly audit report       cvss: [Object]
1810 silly audit report     },
1810 silly audit report     {
1810 silly audit report       id: 1118938,
1810 silly audit report       url: 'https://github.com/advisories/GHSA-26hh-7cqf-hhc6',
1810 silly audit report       title: 'Next.js has a Middleware / Proxy bypass in App Router applications via segment-prefetch routes - Incomplete Fix Follow-Up',
1810 silly audit report       severity: 'high',
1810 silly audit report       vulnerable_versions: '>=16.0.0 <16.2.6',
1810 silly audit report       cwe: [Array],
1810 silly audit report       cvss: [Object]
1810 silly audit report     },
1810 silly audit report     {
1810 silly audit report       id: 1118941,
1810 silly audit report       url: 'https://github.com/advisories/GHSA-3g8h-86w9-wvmq',
1810 silly audit report       title: "Next.js's Middleware / Proxy redirects can be cache-poisoned",
1810 silly audit report       severity: 'low',
1810 silly audit report       vulnerable_versions: '>=16.0.0 <16.2.5',
1810 silly audit report       cwe: [Array],
1810 silly audit report       cvss: [Object]
1810 silly audit report     },
1810 silly audit report     {
1810 silly audit report       id: 1118943,
1810 silly audit report       url: 'https://github.com/advisories/GHSA-ffhc-5mcf-pf4q',
1810 silly audit report       title: 'Next.js vulnerable to cross-site scripting in App Router applications using CSP nonces',
1810 silly audit report       severity: 'moderate',
1810 silly audit report       vulnerable_versions: '>=16.0.0 <16.2.5',
1810 silly audit report       cwe: [Array],
1810 silly audit report       cvss: [Object]
1810 silly audit report     },
1810 silly audit report     {
1810 silly audit report       id: 1118945,
1810 silly audit report       url: 'https://github.com/advisories/GHSA-vfv6-92ff-j949',
1810 silly audit report       title: 'Next.js vulnerable to cache poisoning via collisions in React Server Component cache-busting',
1810 silly audit report       severity: 'low',
1810 silly audit report       vulnerable_versions: '>=16.0.0 <16.2.5',
1810 silly audit report       cwe: [Array],
1810 silly audit report       cvss: [Object]
1810 silly audit report     },
1810 silly audit report     {
1810 silly audit report       id: 1118947,
1810 silly audit report       url: 'https://github.com/advisories/GHSA-gx5p-jg67-6x7h',
1810 silly audit report       title: 'Next.js has cross-site scripting in beforeInteractive scripts with untrusted input',
1810 silly audit report       severity: 'moderate',
1810 silly audit report       vulnerable_versions: '>=16.0.0 <16.2.5',
1810 silly audit report       cwe: [Array],
1810 silly audit report       cvss: [Object]
1810 silly audit report     },
1810 silly audit report     {
1810 silly audit report       id: 1118949,
1810 silly audit report       url: 'https://github.com/advisories/GHSA-mg66-mrh9-m8jx',
1810 silly audit report       title: 'Next.js vulnerable to Denial of Service via connection exhaustion in applications using Cache Components',
1810 silly audit report       severity: 'high',
1810 silly audit report       vulnerable_versions: '>=16.0.0 <16.2.5',
1810 silly audit report       cwe: [Array],
1810 silly audit report       cvss: [Object]
1810 silly audit report     },
1810 silly audit report     {
1810 silly audit report       id: 1118951,
1810 silly audit report       url: 'https://github.com/advisories/GHSA-h64f-5h5j-jqjh',
1810 silly audit report       title: 'Next.js has a Denial of Service in the Image Optimization API',
1810 silly audit report       severity: 'moderate',
1810 silly audit report       vulnerable_versions: '>=16.0.0 <16.2.5',
1810 silly audit report       cwe: [Array],
1810 silly audit report       cvss: [Object]
1810 silly audit report     },
1810 silly audit report     {
1810 silly audit report       id: 1118953,
1810 silly audit report       url: 'https://github.com/advisories/GHSA-c4j6-fc7j-m34r',
1810 silly audit report       title: 'Next.js vulnerable to server-side request forgery in applications using WebSocket upgrades',
1810 silly audit report       severity: 'high',
1810 silly audit report       vulnerable_versions: '>=16.0.0 <16.2.5',
1810 silly audit report       cwe: [Array],
1810 silly audit report       cvss: [Object]
1810 silly audit report     },
1810 silly audit report     {
1810 silly audit report       id: 1118955,
1810 silly audit report       url: 'https://github.com/advisories/GHSA-492v-c6pp-mqqv',
1810 silly audit report       title: 'Next.js has a Middleware / Proxy bypass through dynamic route parameter injection',
1810 silly audit report       severity: 'high',
1810 silly audit report       vulnerable_versions: '>=16.0.0 <16.2.5',
1810 silly audit report       cwe: [Array],
1810 silly audit report       cvss: [Object]
1810 silly audit report     },
1810 silly audit report     {
1810 silly audit report       id: 1118957,
1810 silly audit report       url: 'https://github.com/advisories/GHSA-wfc6-r584-vfw7',
1810 silly audit report       title: 'Next.js vulnerable to cache poisoning in React Server Component responses',
1810 silly audit report       severity: 'moderate',
1810 silly audit report       vulnerable_versions: '>=16.0.0 <16.2.5',
1810 silly audit report       cwe: [Array],
1810 silly audit report       cvss: [Object]
1810 silly audit report     },
1810 silly audit report     {
1810 silly audit report       id: 1118959,
1810 silly audit report       url: 'https://github.com/advisories/GHSA-267c-6grr-h53f',
1810 silly audit report       title: 'Next.js has a Middleware / Proxy bypass in App Router applications via segment-prefetch routes',
1810 silly audit report       severity: 'high',
1810 silly audit report       vulnerable_versions: '>=16.0.0 <16.2.5',
1810 silly audit report       cwe: [Array],
1810 silly audit report       cvss: [Object]
1810 silly audit report     },
1810 silly audit report     {
1810 silly audit report       id: 1118961,
1810 silly audit report       url: 'https://github.com/advisories/GHSA-36qx-fr4f-26g5',
1810 silly audit report       title: 'Next.js has a Middleware / Proxy bypass in Pages Router applications using i18n',
1810 silly audit report       severity: 'high',
1810 silly audit report       vulnerable_versions: '>=16.0.0 <16.2.5',
1810 silly audit report       cwe: [Array],
1810 silly audit report       cvss: [Object]
1810 silly audit report     },
1810 silly audit report     {
1810 silly audit report       id: 1112592,
1810 silly audit report       url: 'https://github.com/advisories/GHSA-9g9p-9gw9-jx7f',
1810 silly audit report       title: 'Next.js self-hosted applications vulnerable to DoS via Image Optimizer remotePatterns configuration',
1810 silly audit report       severity: 'moderate',
1810 silly audit report       vulnerable_versions: '>=15.6.0-canary.0 <16.1.5',
1810 silly audit report       cwe: [Array],
1810 silly audit report       cvss: [Object]
1810 silly audit report     },
1810 silly audit report     {
1810 silly audit report       id: 1112646,
1810 silly audit report       url: 'https://github.com/advisories/GHSA-h25m-26qc-wcjf',
1810 silly audit report       title: 'Next.js HTTP request deserialization can lead to DoS when using insecure React Server Components',
1810 silly audit report       severity: 'high',
1810 silly audit report       vulnerable_versions: '>=16.0.0-beta.0 <16.0.11',
1810 silly audit report       cwe: [Array],
1810 silly audit report       cvss: [Object]
1810 silly audit report     },
1810 silly audit report     {
1810 silly audit report       id: 1114898,
1810 silly audit report       url: 'https://github.com/advisories/GHSA-ggv3-7p47-pfv8',
1810 silly audit report       title: 'Next.js: HTTP request smuggling in rewrites',
1810 silly audit report       severity: 'moderate',
1810 silly audit report       vulnerable_versions: '>=16.0.0-beta.0 <16.1.7',
1810 silly audit report       cwe: [Array],
1810 silly audit report       cvss: [Object]
1810 silly audit report     },
1810 silly audit report     {
1810 silly audit report       id: 1114941,
1810 silly audit report       url: 'https://github.com/advisories/GHSA-3x4c-7xq6-9pq8',
1810 silly audit report       title: 'Next.js: Unbounded next/image disk cache growth can exhaust storage',
1810 silly audit report       severity: 'moderate',
1810 silly audit report       vulnerable_versions: '>=16.0.0-beta.0 <16.1.7',
1810 silly audit report       cwe: [Array],
1810 silly audit report       cvss: [Object]
1810 silly audit report     },
1810 silly audit report     {
1810 silly audit report       id: 1114942,
1810 silly audit report       url: 'https://github.com/advisories/GHSA-h27x-g6w4-24gq',
1810 silly audit report       title: 'Next.js: Unbounded postponed resume buffering can lead to DoS',
1810 silly audit report       severity: 'moderate',
1810 silly audit report       vulnerable_versions: '>=16.0.1 <16.1.7',
1810 silly audit report       cwe: [Array],
1810 silly audit report       cvss: [Object]
1810 silly audit report     },
1810 silly audit report     {
1810 silly audit report       id: 1114943,
1810 silly audit report       url: 'https://github.com/advisories/GHSA-mq59-m269-xvcx',
1810 silly audit report       title: 'Next.js: null origin can bypass Server Actions CSRF checks',
1810 silly audit report       severity: 'moderate',
1810 silly audit report       vulnerable_versions: '>=16.0.1 <16.1.7',
1810 silly audit report       cwe: [Array],
1810 silly audit report       cvss: [Object]
1810 silly audit report     },
1810 silly audit report     {
1810 silly audit report       id: 1115360,
1810 silly audit report       url: 'https://github.com/advisories/GHSA-jcc7-9wpm-mj36',
1810 silly audit report       title: 'Next.js: null origin can bypass dev HMR websocket CSRF checks',
1810 silly audit report       severity: 'low',
1810 silly audit report       vulnerable_versions: '>=16.0.1 <16.1.7',
1810 silly audit report       cwe: [Array],
1810 silly audit report       cvss: [Object]
1810 silly audit report     },
1810 silly audit report     {
1810 silly audit report       id: 1116305,
1810 silly audit report       url: 'https://github.com/advisories/GHSA-5f7q-jpqc-wp7h',
1810 silly audit report       title: 'Next.js has Unbounded Memory Consumption via PPR Resume Endpoint ',
1810 silly audit report       severity: 'moderate',
1810 silly audit report       vulnerable_versions: '>=16.0.0-beta.0 <16.1.5',
1810 silly audit report       cwe: [Array],
1810 silly audit report       cvss: [Object]
1810 silly audit report     },
1810 silly audit report     {
1810 silly audit report       id: 1116375,
1810 silly audit report       url: 'https://github.com/advisories/GHSA-q4gf-8mx6-v5v3',
1810 silly audit report       title: 'Next.js has a Denial of Service with Server Components',
1810 silly audit report       severity: 'high',
1810 silly audit report       vulnerable_versions: '>=16.0.0-beta.0 <16.2.3',
1810 silly audit report       cwe: [Array],
1810 silly audit report       cvss: [Object]
1810 silly audit report     },
1810 silly audit report     {
1810 silly audit report       id: 1124184,
1810 silly audit report       url: 'https://github.com/advisories/GHSA-89xv-2m56-2m9x',
1810 silly audit report       title: 'Next.js: Server-Side Request Forgery in Server Actions on custom servers',
1810 silly audit report       severity: 'high',
1810 silly audit report       vulnerable_versions: '>=16.0.0 <16.2.11',
1810 silly audit report       cwe: [Array],
1810 silly audit report       cvss: [Object]
1810 silly audit report     },
1810 silly audit report     {
1810 silly audit report       id: 1124186,
1810 silly audit report       url: 'https://github.com/advisories/GHSA-68g3-v927-f742',
1810 silly audit report       title: 'Next.js: Cache confusion of response bodies for requests with bodies',
1810 silly audit report       severity: 'moderate',
1810 silly audit report       vulnerable_versions: '>=16.0.0 <16.2.11',
1810 silly audit report       cwe: [Array],
1810 silly audit report       cvss: [Object]
1810 silly audit report     },
1810 silly audit report     {
1810 silly audit report       id: 1124170,
1810 silly audit report       url: 'https://github.com/advisories/GHSA-6gpp-xcg3-4w24',
1810 silly audit report       title: 'Next.js: Middleware / Proxy bypass in App Router applications using Turbopack and single locale',
1810 silly audit report       severity: 'high',
1810 silly audit report       vulnerable_versions: '>=16.0.0 <16.2.11',
1810 silly audit report       cwe: [Array],
1810 silly audit report       cvss: [Object]
1810 silly audit report     },
1810 silly audit report     {
1810 silly audit report       id: 1124171,
1810 silly audit report       url: 'https://github.com/advisories/GHSA-m99w-x7hq-7vfj',
1810 silly audit report       title: 'Next.js: Denial of Service in App Router using Server Actions',
1810 silly audit report       severity: 'high',
1810 silly audit report       vulnerable_versions: '>=16.0.0 <16.2.11',
1810 silly audit report       cwe: [Array],
1810 silly audit report       cvss: [Object]
1810 silly audit report     },
1810 silly audit report     {
1810 silly audit report       id: 1124188,
1810 silly audit report       url: 'https://github.com/advisories/GHSA-4633-3j49-mh5q',
1810 silly audit report       title: 'Next.js: Cache confusion of response bodies for requests with bodies containing invalid UTF-8 byte sequences',
1810 silly audit report       severity: 'moderate',
1810 silly audit report       vulnerable_versions: '>=16.0.0 <16.2.11',
1810 silly audit report       cwe: [Array],
1810 silly audit report       cvss: [Object]
1810 silly audit report     },
1810 silly audit report     {
1810 silly audit report       id: 1124190,
1810 silly audit report       url: 'https://github.com/advisories/GHSA-4c39-4ccg-62r3',
1810 silly audit report       title: 'Next.js: Unbounded Server Action payload in Edge runtime',
1810 silly audit report       severity: 'moderate',
1810 silly audit report       vulnerable_versions: '>=16.0.0 <16.2.11',
1810 silly audit report       cwe: [Array],
1810 silly audit report       cvss: [Object]
1810 silly audit report     },
1810 silly audit report     {
1810 silly audit report       id: 1124192,
1810 silly audit report       url: 'https://github.com/advisories/GHSA-p9j2-gv94-2wf4',
1810 silly audit report       title: 'Next.js: Server-Side Request Forgery in rewrites via attacker-controlled destination hostname',
1810 silly audit report       severity: 'high',
1810 silly audit report       vulnerable_versions: '>=16.0.0 <16.2.11',
1810 silly audit report       cwe: [Array],
1810 silly audit report       cvss: [Object]
1810 silly audit report     },
1810 silly audit report     {
1810 silly audit report       id: 1124194,
1810 silly audit report       url: 'https://github.com/advisories/GHSA-q8wf-6r8g-63ch',
1810 silly audit report       title: 'Next.js: Denial of Service in the Image Optimization API using SVGs',
1810 silly audit report       severity: 'moderate',
1810 silly audit report       vulnerable_versions: '>=16.0.0 <16.2.11',
1810 silly audit report       cwe: [Array],
1810 silly audit report       cvss: [Object]
1810 silly audit report     },
1810 silly audit report     {
1810 silly audit report       id: 1124196,
1810 silly audit report       url: 'https://github.com/advisories/GHSA-955p-x3mx-jcvp',
1810 silly audit report       title: 'Next.js: Unauthenticated disclosure of internal Server Function endpoints',
1810 silly audit report       severity: 'moderate',
1810 silly audit report       vulnerable_versions: '>=16.0.0 <16.2.11',
1810 silly audit report       cwe: [Array],
1810 silly audit report       cvss: [Object]
1810 silly audit report     },
1810 silly audit report     {
1810 silly audit report       id: 1193676,
1810 silly audit report       url: 'https://github.com/advisories/GHSA-p293-qw3h-jr36',
1810 silly audit report       title: 'Next.js: Unauthenticated Remote Code Execution on windows-hosted servers',
1810 silly audit report       severity: 'critical',
1810 silly audit report       vulnerable_versions: '>=16.0.0 <16.3.3',
1810 silly audit report       cwe: [Array],
1810 silly audit report       cvss: [Object]
1810 silly audit report     },
1810 silly audit report     {
1810 silly audit report       id: 1193732,
1810 silly audit report       url: 'https://github.com/advisories/GHSA-2xp9-vwfh-vxw4',
1810 silly audit report       title: 'Next.js: Unauthenticated Remote Code Execution in Image Optimization API when AVIF files are used',
1810 silly audit report       severity: 'critical',
1810 silly audit report       vulnerable_versions: '>=16.0.0 <16.3.3',
1810 silly audit report       cwe: [Array],
1810 silly audit report       cvss: [Object]
1810 silly audit report     }
1810 silly audit report   ],
1810 silly audit report   sharp: [
1810 silly audit report     {
1810 silly audit report       id: 1124066,
1810 silly audit report       url: 'https://github.com/advisories/GHSA-f88m-g3jw-g9cj',
1810 silly audit report       title: 'sharp inherited vulnerabilities in libvips: CVE-2026-33327, CVE-2026-33328, CVE-2026-35590, CVE-2026-35591',
1810 silly audit report       severity: 'high',
1810 silly audit report       vulnerable_versions: '<0.35.0',
1810 silly audit report       cwe: [Array],
1810 silly audit report       cvss: [Object]
1810 silly audit report     },
1810 silly audit report     {
1810 silly audit report       id: 1193725,
1810 silly audit report       url: 'https://github.com/advisories/GHSA-rgj7-g3m4-5g8c',
1810 silly audit report       title: 'sharp: Vulnerabilities in libheif: GHSA-g89c-p67h-r497 and GHSA-2jg2-4ch7-h545',
1810 silly audit report       severity: 'high',
1810 silly audit report       vulnerable_versions: '<0.35.4',
1810 silly audit report       cwe: [Array],
1810 silly audit report       cvss: [Object]
1810 silly audit report     }
1810 silly audit report   ]
1810 silly audit report }
1811 silly packumentCache corgi:https://registry.npmjs.org/postcss cache-miss
1812 silly packumentCache corgi:https://registry.npmjs.org/next cache-miss
1813 silly packumentCache corgi:https://registry.npmjs.org/sharp cache-miss
1814 http fetch GET 200 https://registry.npmjs.org/client-only/-/client-only-0.0.1.tgz 311ms (cache miss)
1815 http fetch GET 200 https://registry.npmjs.org/escalade/-/escalade-3.2.0.tgz 329ms (cache miss)
1816 http fetch GET 200 https://registry.npmjs.org/@types/d3-timer/-/d3-timer-3.0.2.tgz 332ms (cache miss)
1817 http fetch GET 200 https://registry.npmjs.org/@img/colour/-/colour-1.1.0.tgz 330ms (cache miss)
1818 http fetch GET 200 https://registry.npmjs.org/d3-ease/-/d3-ease-3.0.1.tgz 339ms (cache miss)
1819 http fetch GET 200 https://registry.npmjs.org/d3-time/-/d3-time-3.1.0.tgz 340ms (cache miss)
1820 http fetch GET 200 https://registry.npmjs.org/d3-interpolate/-/d3-interpolate-3.0.1.tgz 354ms (cache miss)
1821 http fetch GET 200 https://registry.npmjs.org/d3-scale/-/d3-scale-4.0.2.tgz 356ms (cache miss)
1822 http fetch GET 200 https://registry.npmjs.org/@emnapi/runtime/-/runtime-1.11.3.tgz 357ms (cache miss)
1823 http fetch GET 200 https://registry.npmjs.org/semver/-/semver-7.8.5.tgz 359ms (cache miss)
1824 http fetch GET 200 https://registry.npmjs.org/d3-array/-/d3-array-3.2.4.tgz 363ms (cache miss)
1825 http fetch GET 200 https://registry.npmjs.org/decimal.js-light/-/decimal.js-light-2.5.1.tgz 376ms (cache miss)
1826 http fetch GET 200 https://registry.npmjs.org/object-assign/-/object-assign-4.1.1.tgz 391ms (cache miss)
1827 http fetch GET 200 https://registry.npmjs.org/prop-types/-/prop-types-15.8.1.tgz 392ms (cache miss)
1828 http fetch GET 200 https://registry.npmjs.org/d3-timer/-/d3-timer-3.0.1.tgz 414ms (cache miss)
1829 http fetch GET 200 https://registry.npmjs.org/js-tokens/-/js-tokens-4.0.0.tgz 417ms (cache miss)
1830 http fetch GET 200 https://registry.npmjs.org/loose-envify/-/loose-envify-1.4.0.tgz 416ms (cache miss)
1831 http fetch GET 200 https://registry.npmjs.org/tiny-invariant/-/tiny-invariant-1.3.3.tgz 416ms (cache miss)
1832 http fetch GET 200 https://registry.npmjs.org/fast-equals/-/fast-equals-5.4.3.tgz 426ms (cache miss)
1833 http fetch GET 200 https://registry.npmjs.org/react-transition-group/-/react-transition-group-4.4.5.tgz 434ms (cache miss)
1834 http fetch GET 200 https://registry.npmjs.org/react-smooth/-/react-smooth-4.0.4.tgz 446ms (cache miss)
1835 http fetch GET 200 https://registry.npmjs.org/dom-helpers/-/dom-helpers-5.2.1.tgz 455ms (cache miss)
1836 http fetch GET 200 https://registry.npmjs.org/@babel/runtime/-/runtime-7.29.7.tgz 476ms (cache miss)
1837 http fetch GET 200 https://registry.npmjs.org/get-nonce/-/get-nonce-1.0.1.tgz 501ms (cache miss)
1838 http fetch GET 200 https://registry.npmjs.org/react-is/-/react-is-18.3.1.tgz 503ms (cache miss)
1839 http fetch GET 200 https://registry.npmjs.org/@img/sharp-darwin-arm64/-/sharp-darwin-arm64-0.34.5.tgz 508ms (cache miss)
1840 http fetch GET 200 https://registry.npmjs.org/react-remove-scroll-bar/-/react-remove-scroll-bar-2.3.8.tgz 504ms (cache miss)
1841 http fetch GET 200 https://registry.npmjs.org/eventemitter3/-/eventemitter3-4.0.7.tgz 506ms (cache miss)
1842 http fetch GET 200 https://registry.npmjs.org/nanoid/-/nanoid-3.3.19.tgz 507ms (cache miss)
1843 http fetch GET 200 https://registry.npmjs.org/react-style-singleton/-/react-style-singleton-2.2.3.tgz 516ms (cache miss)
1844 http fetch GET 200 https://registry.npmjs.org/recharts-scale/-/recharts-scale-0.4.5.tgz 541ms (cache miss)
1845 http fetch GET 200 https://registry.npmjs.org/use-sidecar/-/use-sidecar-1.1.3.tgz 552ms (cache miss)
1846 http fetch GET 200 https://registry.npmjs.org/use-callback-ref/-/use-callback-ref-1.3.3.tgz 554ms (cache miss)
1847 http fetch GET 200 https://registry.npmjs.org/victory-vendor/-/victory-vendor-36.9.2.tgz 556ms (cache miss)
1848 http fetch GET 200 https://registry.npmjs.org/graceful-fs/-/graceful-fs-4.2.11.tgz 692ms (cache miss)
1849 http fetch GET 200 https://registry.npmjs.org/embla-carousel-reactive-utils/-/embla-carousel-reactive-utils-8.5.1.tgz 692ms (cache miss)
1850 http fetch GET 200 https://registry.npmjs.org/detect-libc/-/detect-libc-2.1.2.tgz 695ms (cache miss)
1851 http fetch GET 200 https://registry.npmjs.org/scheduler/-/scheduler-0.27.0.tgz 701ms (cache miss)
1852 http fetch GET 200 https://registry.npmjs.org/sharp/-/sharp-0.34.5.tgz 718ms (cache miss)
1853 http fetch GET 200 https://registry.npmjs.org/styled-jsx/-/styled-jsx-5.1.6.tgz 721ms (cache miss)
1854 http fetch GET 200 https://registry.npmjs.org/node-releases/-/node-releases-2.0.57.tgz 736ms (cache miss)
1855 http fetch GET 200 https://registry.npmjs.org/use-sync-external-store/-/use-sync-external-store-1.7.0.tgz 737ms (cache miss)
1856 http fetch GET 200 https://registry.npmjs.org/update-browserslist-db/-/update-browserslist-db-1.3.3.tgz 737ms (cache miss)
1857 http fetch GET 200 https://registry.npmjs.org/postcss-value-parser/-/postcss-value-parser-4.2.0.tgz 782ms (cache miss)
1858 http fetch GET 200 https://registry.npmjs.org/electron-to-chromium/-/electron-to-chromium-1.5.439.tgz 788ms (cache miss)
1859 http fetch GET 200 https://registry.npmjs.org/motion-utils/-/motion-utils-13.3.0.tgz 801ms (cache miss)
1860 http fetch GET 200 https://registry.npmjs.org/baseline-browser-mapping/-/baseline-browser-mapping-2.11.26.tgz 809ms (cache miss)
1861 http fetch GET 200 https://registry.npmjs.org/lodash/-/lodash-4.18.1.tgz 816ms (cache miss)
1862 http fetch GET 200 https://registry.npmjs.org/@swc/helpers/-/helpers-0.5.15.tgz 837ms (cache miss)
1863 http fetch GET 200 https://registry.npmjs.org/picocolors/-/picocolors-1.1.1.tgz 855ms (cache miss)
1864 http fetch GET 200 https://registry.npmjs.org/server-only/-/server-only-0.0.1.tgz 854ms (cache miss)
1865 http fetch GET 200 https://registry.npmjs.org/tslib/-/tslib-2.8.1.tgz 856ms (cache miss)
1866 http fetch GET 200 https://registry.npmjs.org/@next/env/-/env-16.0.10.tgz 864ms (cache miss)
1867 http fetch GET 200 https://registry.npmjs.org/fraction.js/-/fraction.js-5.3.4.tgz 864ms (cache miss)
1868 http fetch GET 200 https://registry.npmjs.org/tapable/-/tapable-2.3.3.tgz 865ms (cache miss)
1869 http fetch GET 200 https://registry.npmjs.org/@date-fns/tz/-/tz-1.2.0.tgz 869ms (cache miss)
1870 http fetch GET 200 https://registry.npmjs.org/embla-carousel/-/embla-carousel-8.5.1.tgz 880ms (cache miss)
1871 http fetch GET 200 https://registry.npmjs.org/@jridgewell/resolve-uri/-/resolve-uri-3.1.2.tgz 924ms (cache miss)
1872 http fetch GET 200 https://registry.npmjs.org/browserslist/-/browserslist-4.29.1.tgz 946ms (cache miss)
1873 http fetch GET 200 https://registry.npmjs.org/undici-types/-/undici-types-6.21.0.tgz 947ms (cache miss)
1874 http fetch GET 200 https://registry.npmjs.org/@jridgewell/gen-mapping/-/gen-mapping-0.3.13.tgz 953ms (cache miss)
1875 http fetch GET 200 https://registry.npmjs.org/source-map-js/-/source-map-js-1.2.1.tgz 963ms (cache miss)
1876 http fetch GET 200 https://registry.npmjs.org/@jridgewell/trace-mapping/-/trace-mapping-0.3.31.tgz 963ms (cache miss)
1877 http fetch GET 200 https://registry.npmjs.org/@tailwindcss/oxide/-/oxide-4.3.3.tgz 1043ms (cache miss)
1878 http fetch GET 200 https://registry.npmjs.org/@jridgewell/sourcemap-codec/-/sourcemap-codec-1.6.0.tgz 1048ms (cache miss)
1879 http fetch GET 200 https://registry.npmjs.org/@tailwindcss/node/-/node-4.3.3.tgz 1060ms (cache miss)
1880 http fetch GET 200 https://registry.npmjs.org/motion-dom/-/motion-dom-13.4.4.tgz 1090ms (cache miss)
1881 http fetch GET 200 https://registry.npmjs.org/csstype/-/csstype-3.2.3.tgz 1088ms (cache miss)
1882 http fetch GET 200 https://registry.npmjs.org/@jridgewell/remapping/-/remapping-2.3.5.tgz 1212ms (cache miss)
1883 http fetch GET 200 https://registry.npmjs.org/@radix-ui/rect/-/rect-1.1.0.tgz 1212ms (cache miss)
1884 http fetch GET 200 https://registry.npmjs.org/@alloc/quick-lru/-/quick-lru-5.3.0.tgz 1213ms (cache miss)
1885 http fetch GET 200 https://registry.npmjs.org/@radix-ui/number/-/number-1.1.0.tgz 1213ms (cache miss)
1886 http fetch GET 200 https://registry.npmjs.org/enhanced-resolve/-/enhanced-resolve-5.25.1.tgz 1214ms (cache miss)
1887 http fetch GET 200 https://registry.npmjs.org/magic-string/-/magic-string-0.30.21.tgz 1216ms (cache miss)
1888 http fetch GET 200 https://registry.npmjs.org/lightningcss/-/lightningcss-1.32.0.tgz 1215ms (cache miss)
1889 http fetch GET 200 https://registry.npmjs.org/@floating-ui/core/-/core-1.8.0.tgz 1218ms (cache miss)
1890 http fetch GET 200 https://registry.npmjs.org/@radix-ui/react-use-rect/-/react-use-rect-1.1.0.tgz 1274ms (cache miss)
1891 http fetch GET 200 https://registry.npmjs.org/@floating-ui/react-dom/-/react-dom-2.1.9.tgz 1276ms (cache miss)
1892 http fetch GET 200 https://registry.npmjs.org/@floating-ui/dom/-/dom-1.8.0.tgz 1277ms (cache miss)
1893 http fetch GET 200 https://registry.npmjs.org/react-remove-scroll/-/react-remove-scroll-2.7.2.tgz 1329ms (cache miss)
1894 http fetch GET 200 https://registry.npmjs.org/aria-hidden/-/aria-hidden-1.2.6.tgz 1330ms (cache miss)
1895 http fetch GET 200 https://registry.npmjs.org/@radix-ui/react-use-escape-keydown/-/react-use-escape-keydown-1.1.0.tgz 1338ms (cache miss)
1896 http fetch GET 200 https://registry.npmjs.org/@radix-ui/react-focus-guards/-/react-focus-guards-1.1.1.tgz 1466ms (cache miss)
1897 http fetch GET 200 https://registry.npmjs.org/@radix-ui/react-use-size/-/react-use-size-1.1.0.tgz 1522ms (cache miss)
1898 http fetch GET 200 https://registry.npmjs.org/@radix-ui/react-arrow/-/react-arrow-1.1.1.tgz 1572ms (cache miss)
1899 http fetch GET 200 https://registry.npmjs.org/@floating-ui/utils/-/utils-0.2.12.tgz 1634ms (cache miss)
1900 http fetch GET 200 https://registry.npmjs.org/@radix-ui/react-portal/-/react-portal-1.1.3.tgz 1724ms (cache miss)
1901 http fetch GET 200 https://registry.npmjs.org/@radix-ui/react-use-layout-effect/-/react-use-layout-effect-1.1.0.tgz 1776ms (cache miss)
1902 http fetch GET 200 https://registry.npmjs.org/@radix-ui/react-focus-scope/-/react-focus-scope-1.1.1.tgz 1778ms (cache miss)
1903 http fetch GET 200 https://registry.npmjs.org/@radix-ui/react-use-previous/-/react-use-previous-1.1.0.tgz 1777ms (cache miss)
1904 http fetch GET 200 https://registry.npmjs.org/jiti/-/jiti-2.7.0.tgz 1811ms (cache miss)
1905 http fetch GET 200 https://registry.npmjs.org/@radix-ui/react-direction/-/react-direction-1.1.0.tgz 1876ms (cache miss)
1906 http fetch GET 200 https://registry.npmjs.org/@radix-ui/react-use-controllable-state/-/react-use-controllable-state-1.1.0.tgz 1889ms (cache miss)
1907 http fetch GET 200 https://registry.npmjs.org/@radix-ui/react-roving-focus/-/react-roving-focus-1.1.1.tgz 1894ms (cache miss)
1908 http fetch GET 200 https://registry.npmjs.org/@radix-ui/react-dismissable-layer/-/react-dismissable-layer-1.1.3.tgz 1904ms (cache miss)
1909 http fetch GET 200 https://registry.npmjs.org/@radix-ui/react-menu/-/react-menu-2.1.4.tgz 1915ms (cache miss)
1910 http fetch GET 200 https://registry.npmjs.org/@radix-ui/react-id/-/react-id-1.1.0.tgz 1926ms (cache miss)
1911 http fetch GET 200 https://registry.npmjs.org/@radix-ui/react-compose-refs/-/react-compose-refs-1.1.1.tgz 1967ms (cache miss)
1912 http fetch GET 200 https://registry.npmjs.org/@radix-ui/react-context/-/react-context-1.1.1.tgz 1967ms (cache miss)
1913 http fetch GET 200 https://registry.npmjs.org/@radix-ui/react-use-callback-ref/-/react-use-callback-ref-1.1.0.tgz 2089ms (cache miss)
1914 http fetch GET 200 https://registry.npmjs.org/@radix-ui/react-visually-hidden/-/react-visually-hidden-1.1.1.tgz 2150ms (cache miss)
1915 http fetch GET 200 https://registry.npmjs.org/tailwindcss-animate/-/tailwindcss-animate-1.0.7.tgz 2248ms (cache miss)
1916 http fetch GET 200 https://registry.npmjs.org/@radix-ui/react-collection/-/react-collection-1.1.1.tgz 2250ms (cache miss)
1917 http fetch GET 200 https://registry.npmjs.org/@radix-ui/primitive/-/primitive-1.1.1.tgz 2274ms (cache miss)
1918 http fetch GET 200 https://registry.npmjs.org/tw-animate-css/-/tw-animate-css-1.3.3.tgz 2310ms (cache miss)
1919 http fetch GET 200 https://registry.npmjs.org/@radix-ui/react-primitive/-/react-primitive-2.0.1.tgz 2312ms (cache miss)
1920 http fetch GET 200 https://registry.npmjs.org/@radix-ui/react-presence/-/react-presence-1.1.2.tgz 2313ms (cache miss)
1921 http fetch GET 200 https://registry.npmjs.org/caniuse-lite/-/caniuse-lite-1.0.30001812.tgz 2778ms (cache miss)
1922 http fetch GET 200 https://registry.npmjs.org/next-themes/-/next-themes-0.4.6.tgz 2782ms (cache miss)
1923 http fetch GET 200 https://registry.npmjs.org/tailwindcss/-/tailwindcss-4.3.3.tgz 2837ms (cache miss)
1924 http fetch GET 200 https://registry.npmjs.org/react-day-picker/-/react-day-picker-9.8.0.tgz 2904ms (cache miss)
1925 http fetch GET 200 https://registry.npmjs.org/@tailwindcss/oxide-darwin-arm64/-/oxide-darwin-arm64-4.3.3.tgz 2971ms (cache miss)
1926 http fetch GET 200 https://registry.npmjs.org/tailwind-merge/-/tailwind-merge-3.7.0.tgz 2973ms (cache miss)
1927 http fetch GET 200 https://registry.npmjs.org/input-otp/-/input-otp-1.4.1.tgz 3055ms (cache miss)
1928 http fetch GET 200 https://registry.npmjs.org/@radix-ui/react-popper/-/react-popper-1.2.1.tgz 3430ms (cache miss)
1929 http fetch GET 200 https://registry.npmjs.org/vaul/-/vaul-1.1.2.tgz 3590ms (cache miss)
1930 http fetch GET 200 https://registry.npmjs.org/react-resizable-panels/-/react-resizable-panels-2.1.9.tgz 3618ms (cache miss)
1931 http fetch GET 200 https://registry.npmjs.org/date-fns-jalali/-/date-fns-jalali-4.1.0-0.tgz 3700ms (cache miss)
1932 http fetch GET 200 https://registry.npmjs.org/cmdk/-/cmdk-1.0.4.tgz 3943ms (cache miss)
1933 http fetch GET 200 https://registry.npmjs.org/postcss/-/postcss-8.5.28.tgz 3945ms (cache miss)
1934 http fetch GET 200 https://registry.npmjs.org/recharts/-/recharts-2.15.4.tgz 3955ms (cache miss)
1935 warn deprecated recharts@2.15.4: 1.x and 2.x branches are no longer active. Bump to Recharts v3 to receive latest features and bugfixes. See https://github.com/recharts/recharts/wiki/3.0-migration-guide
1936 http fetch GET 200 https://registry.npmjs.org/class-variance-authority/-/class-variance-authority-0.7.1.tgz 3969ms (cache miss)
1937 http fetch GET 200 https://registry.npmjs.org/clsx/-/clsx-2.1.1.tgz 3980ms (cache miss)
1938 http fetch GET 200 https://registry.npmjs.org/autoprefixer/-/autoprefixer-10.6.1.tgz 3999ms (cache miss)
1939 http fetch GET 200 https://registry.npmjs.org/lenis/-/lenis-1.3.26.tgz 4035ms (cache miss)
1940 http fetch GET 200 https://registry.npmjs.org/zod/-/zod-3.25.76.tgz 4044ms (cache miss)
1941 http fetch GET 200 https://registry.npmjs.org/sonner/-/sonner-1.7.4.tgz 4070ms (cache miss)
1942 http fetch GET 200 https://registry.npmjs.org/@types/react-dom/-/react-dom-19.3.0.tgz 4068ms (cache miss)
1943 http fetch GET 200 https://registry.npmjs.org/embla-carousel-react/-/embla-carousel-react-8.5.1.tgz 4069ms (cache miss)
1944 http fetch GET 200 https://registry.npmjs.org/@types/react/-/react-19.3.0.tgz 4192ms (cache miss)
1945 http fetch GET 200 https://registry.npmjs.org/@tailwindcss/postcss/-/postcss-4.3.3.tgz 4368ms (cache miss)
1946 http fetch GET 200 https://registry.npmjs.org/@vercel/analytics/-/analytics-1.3.1.tgz 4374ms (cache miss)
1947 http fetch GET 200 https://registry.npmjs.org/@radix-ui/react-toast/-/react-toast-1.2.4.tgz 4463ms (cache miss)
1948 http fetch GET 200 https://registry.npmjs.org/@radix-ui/react-toggle-group/-/react-toggle-group-1.1.1.tgz 4463ms (cache miss)
1949 http fetch GET 200 https://registry.npmjs.org/@radix-ui/react-tabs/-/react-tabs-1.1.2.tgz 4509ms (cache miss)
1950 http fetch GET 200 https://registry.npmjs.org/@radix-ui/react-tooltip/-/react-tooltip-1.1.6.tgz 4865ms (cache miss)
1951 http fetch GET 200 https://registry.npmjs.org/@radix-ui/react-switch/-/react-switch-1.1.2.tgz 4870ms (cache miss)
1952 http fetch GET 200 https://registry.npmjs.org/@radix-ui/react-slot/-/react-slot-1.1.1.tgz 4880ms (cache miss)
1953 http fetch GET 200 https://registry.npmjs.org/@radix-ui/react-slider/-/react-slider-1.2.2.tgz 4893ms (cache miss)
1954 http fetch GET 200 https://registry.npmjs.org/@radix-ui/react-separator/-/react-separator-1.1.1.tgz 5059ms (cache miss)
1955 http fetch GET 200 https://registry.npmjs.org/@radix-ui/react-select/-/react-select-2.1.4.tgz 5183ms (cache miss)
1956 http fetch GET 200 https://registry.npmjs.org/@types/node/-/node-22.20.4.tgz 5260ms (cache miss)
1957 http fetch GET 200 https://registry.npmjs.org/@radix-ui/react-scroll-area/-/react-scroll-area-1.2.2.tgz 5657ms (cache miss)
1958 http fetch GET 200 https://registry.npmjs.org/@radix-ui/react-radio-group/-/react-radio-group-1.2.2.tgz 5658ms (cache miss)
1959 http fetch GET 200 https://registry.npmjs.org/@radix-ui/react-progress/-/react-progress-1.1.1.tgz 5659ms (cache miss)
1960 http fetch GET 200 https://registry.npmjs.org/@radix-ui/react-popover/-/react-popover-1.1.4.tgz 5659ms (cache miss)
1961 http fetch GET 200 https://registry.npmjs.org/@radix-ui/react-label/-/react-label-2.1.1.tgz 5742ms (cache miss)
1962 http fetch GET 200 https://registry.npmjs.org/@radix-ui/react-navigation-menu/-/react-navigation-menu-1.2.3.tgz 5780ms (cache miss)
1963 http fetch GET 200 https://registry.npmjs.org/@radix-ui/react-menubar/-/react-menubar-1.1.4.tgz 5924ms (cache miss)
1964 http fetch GET 200 https://registry.npmjs.org/@radix-ui/react-dropdown-menu/-/react-dropdown-menu-2.1.4.tgz 6009ms (cache miss)
1965 http fetch GET 200 https://registry.npmjs.org/@radix-ui/react-collapsible/-/react-collapsible-1.1.2.tgz 6043ms (cache miss)
1966 http fetch GET 200 https://registry.npmjs.org/framer-motion/-/framer-motion-13.4.4.tgz 6057ms (cache miss)
1967 http fetch GET 200 https://registry.npmjs.org/@radix-ui/react-avatar/-/react-avatar-1.1.2.tgz 6097ms (cache miss)
1968 http fetch GET 200 https://registry.npmjs.org/@radix-ui/react-hover-card/-/react-hover-card-1.1.4.tgz 6131ms (cache miss)
1969 http fetch GET 200 https://registry.npmjs.org/@radix-ui/react-aspect-ratio/-/react-aspect-ratio-1.1.1.tgz 6283ms (cache miss)
1970 http fetch GET 200 https://registry.npmjs.org/@radix-ui/react-checkbox/-/react-checkbox-1.1.3.tgz 6322ms (cache miss)
1971 http fetch GET 200 https://registry.npmjs.org/@radix-ui/react-context-menu/-/react-context-menu-2.2.4.tgz 6444ms (cache miss)
1972 http fetch GET 200 https://registry.npmjs.org/react-is/-/react-is-16.13.1.tgz 6571ms (cache miss)
1973 http fetch GET 200 https://registry.npmjs.org/react/-/react-19.2.0.tgz 6580ms (cache miss)
1974 http fetch GET 200 https://registry.npmjs.org/@radix-ui/react-toggle/-/react-toggle-1.1.1.tgz 6697ms (cache miss)
1975 http fetch GET 200 https://registry.npmjs.org/@radix-ui/react-alert-dialog/-/react-alert-dialog-1.1.4.tgz 6705ms (cache miss)
1976 http fetch GET 200 https://registry.npmjs.org/@hookform/resolvers/-/resolvers-3.10.0.tgz 6757ms (cache miss)
1977 http fetch GET 200 https://registry.npmjs.org/@radix-ui/react-dialog/-/react-dialog-1.1.4.tgz 6770ms (cache miss)
1978 http fetch GET 200 https://registry.npmjs.org/@radix-ui/react-accordion/-/react-accordion-1.2.2.tgz 7060ms (cache miss)
1979 http fetch GET 200 https://registry.npmjs.org/sharp 6876ms (cache miss)
1980 silly packumentCache corgi:https://registry.npmjs.org/sharp set size:undefined disposed:false
1981 http fetch GET 200 https://registry.npmjs.org/postcss 6923ms (cache miss)
1982 silly packumentCache corgi:https://registry.npmjs.org/postcss set size:undefined disposed:false
1983 http fetch GET 200 https://registry.npmjs.org/postcss/-/postcss-8.4.31.tgz 7223ms (cache miss)
1984 http fetch GET 200 https://registry.npmjs.org/react-hook-form/-/react-hook-form-7.89.0.tgz 7512ms (cache miss)
1985 http fetch GET 200 https://registry.npmjs.org/lightningcss-darwin-arm64/-/lightningcss-darwin-arm64-1.32.0.tgz 7554ms (cache miss)
1986 http fetch GET 200 https://registry.npmjs.org/react-dom/-/react-dom-19.2.0.tgz 8575ms (cache miss)
1987 http fetch GET 200 https://registry.npmjs.org/next 9072ms (cache miss)
1988 silly packumentCache corgi:https://registry.npmjs.org/next set size:undefined disposed:false
1989 http fetch GET 200 https://registry.npmjs.org/@img/sharp-libvips-darwin-arm64/-/sharp-libvips-darwin-arm64-1.2.4.tgz 11163ms (cache miss)
1990 silly packumentCache corgi:https://registry.npmjs.org/@vercel%2fanalytics cache-miss
1991 http fetch GET 200 https://registry.npmjs.org/lucide-react/-/lucide-react-0.454.0.tgz 11850ms (cache miss)
1992 http fetch GET 200 https://registry.npmjs.org/typescript/-/typescript-5.9.3.tgz 12029ms (cache miss)
1993 http fetch GET 200 https://registry.npmjs.org/@vercel%2fanalytics 744ms (cache miss)
1994 silly packumentCache corgi:https://registry.npmjs.org/@vercel%2fanalytics set size:undefined disposed:false
1995 http fetch GET 200 https://registry.npmjs.org/date-fns/-/date-fns-4.1.0.tgz 16123ms (cache miss)
1996 http fetch GET 200 https://registry.npmjs.org/next/-/next-16.0.10.tgz 35504ms (cache miss)
1997 http fetch GET 200 https://registry.npmjs.org/@next/swc-darwin-arm64/-/swc-darwin-arm64-16.0.10.tgz 41280ms (cache miss)
1998 info run sharp@0.34.5 install node_modules/sharp node install/check.js || npm run build
1999 info run sharp@0.34.5 install { code: 0, signal: null }
2000 silly ADD node_modules/d3-path
2001 silly ADD node_modules/d3-time-format
2002 silly ADD node_modules/d3-format
2003 silly ADD node_modules/d3-color
2004 silly ADD node_modules/internmap
2005 silly ADD node_modules/@types/d3-path
2006 silly ADD node_modules/@types/d3-color
2007 silly ADD node_modules/d3-timer
2008 silly ADD node_modules/d3-time
2009 silly ADD node_modules/d3-shape
2010 silly ADD node_modules/d3-scale
2011 silly ADD node_modules/d3-interpolate
2012 silly ADD node_modules/d3-ease
2013 silly ADD node_modules/d3-array
2014 silly ADD node_modules/@types/d3-timer
2015 silly ADD node_modules/@types/d3-time
2016 silly ADD node_modules/@types/d3-shape
2017 silly ADD node_modules/@types/d3-scale
2018 silly ADD node_modules/@types/d3-interpolate
2019 silly ADD node_modules/@types/d3-ease
2020 silly ADD node_modules/@types/d3-array
2021 silly ADD node_modules/detect-node-es
2022 silly ADD node_modules/escalade
2023 silly ADD node_modules/client-only
2024 silly ADD node_modules/@emnapi/runtime
2025 silly ADD node_modules/semver
2026 silly ADD node_modules/@img/sharp-libvips-darwin-arm64
2027 silly ADD node_modules/@img/sharp-darwin-arm64
2028 silly ADD node_modules/@img/colour
2029 silly ADD node_modules/decimal.js-light
2030 silly ADD node_modules/dom-helpers
2031 silly ADD node_modules/@babel/runtime
2032 silly ADD node_modules/js-tokens
2033 silly ADD node_modules/object-assign
2034 silly ADD node_modules/loose-envify
2035 silly ADD node_modules/react-transition-group
2036 silly ADD node_modules/prop-types
2037 silly ADD node_modules/prop-types/node_modules/react-is
2038 silly ADD node_modules/fast-equals
2039 silly ADD node_modules/victory-vendor
2040 silly ADD node_modules/tiny-invariant
2041 silly ADD node_modules/recharts-scale
2042 silly ADD node_modules/react-smooth
2043 silly ADD node_modules/react-is
2044 silly ADD node_modules/lodash
2045 silly ADD node_modules/eventemitter3
2046 silly ADD node_modules/get-nonce
2047 silly ADD node_modules/use-sidecar
2048 silly ADD node_modules/use-callback-ref
2049 silly ADD node_modules/react-style-singleton
2050 silly ADD node_modules/react-remove-scroll-bar
2051 silly ADD node_modules/scheduler
2052 silly ADD node_modules/date-fns-jalali
2053 silly ADD node_modules/@date-fns/tz
2054 silly ADD node_modules/nanoid
2055 silly ADD node_modules/styled-jsx
2056 silly ADD node_modules/sharp
2057 silly ADD node_modules/@swc/helpers
2058 silly ADD node_modules/@next/swc-darwin-arm64
2059 silly ADD node_modules/@next/env
2060 silly ADD node_modules/lightningcss-darwin-arm64
2061 silly ADD node_modules/detect-libc
2062 silly ADD node_modules/motion-utils
2063 silly ADD node_modules/motion-dom
2064 silly ADD node_modules/tapable
2065 silly ADD node_modules/graceful-fs
2066 silly ADD node_modules/embla-carousel-reactive-utils
2067 silly ADD node_modules/embla-carousel
2068 silly ADD node_modules/use-sync-external-store
2069 silly ADD node_modules/update-browserslist-db
2070 silly ADD node_modules/node-releases
2071 silly ADD node_modules/electron-to-chromium
2072 silly ADD node_modules/baseline-browser-mapping
2073 silly ADD node_modules/postcss-value-parser
2074 silly ADD node_modules/picocolors
2075 silly ADD node_modules/fraction.js
2076 silly ADD node_modules/caniuse-lite
2077 silly ADD node_modules/browserslist
2078 silly ADD node_modules/tslib
2079 silly ADD node_modules/server-only
2080 silly ADD node_modules/csstype
2081 silly ADD node_modules/undici-types
2082 silly ADD node_modules/@tailwindcss/oxide-darwin-arm64
2083 silly ADD node_modules/@jridgewell/resolve-uri
2084 silly ADD node_modules/@jridgewell/sourcemap-codec
2085 silly ADD node_modules/@jridgewell/trace-mapping
2086 silly ADD node_modules/@jridgewell/gen-mapping
2087 silly ADD node_modules/source-map-js
2088 silly ADD node_modules/magic-string
2089 silly ADD node_modules/lightningcss
2090 silly ADD node_modules/jiti
2091 silly ADD node_modules/enhanced-resolve
2092 silly ADD node_modules/@jridgewell/remapping
2093 silly ADD node_modules/@tailwindcss/oxide
2094 silly ADD node_modules/@tailwindcss/node
2095 silly ADD node_modules/@alloc/quick-lru
2096 silly ADD node_modules/@radix-ui/number
2097 silly ADD node_modules/@floating-ui/utils
2098 silly ADD node_modules/@floating-ui/core
2099 silly ADD node_modules/@floating-ui/dom
2100 silly ADD node_modules/@radix-ui/rect
2101 silly ADD node_modules/@radix-ui/react-use-rect
2102 silly ADD node_modules/@radix-ui/react-arrow
2103 silly ADD node_modules/@floating-ui/react-dom
2104 silly ADD node_modules/@radix-ui/react-visually-hidden
2105 silly ADD node_modules/@radix-ui/react-roving-focus
2106 silly ADD node_modules/@radix-ui/react-popper
2107 silly ADD node_modules/@radix-ui/react-use-escape-keydown
2108 silly ADD node_modules/react-remove-scroll
2109 silly ADD node_modules/aria-hidden
2110 silly ADD node_modules/@radix-ui/react-portal
2111 silly ADD node_modules/@radix-ui/react-focus-scope
2112 silly ADD node_modules/@radix-ui/react-focus-guards
2113 silly ADD node_modules/@radix-ui/react-dismissable-layer
2114 silly ADD node_modules/@radix-ui/react-menu
2115 silly ADD node_modules/@radix-ui/react-use-size
2116 silly ADD node_modules/@radix-ui/react-use-previous
2117 silly ADD node_modules/@radix-ui/react-presence
2118 silly ADD node_modules/@radix-ui/react-use-layout-effect
2119 silly ADD node_modules/@radix-ui/react-use-callback-ref
2120 silly ADD node_modules/@radix-ui/react-use-controllable-state
2121 silly ADD node_modules/@radix-ui/react-primitive
2122 silly ADD node_modules/@radix-ui/react-id
2123 silly ADD node_modules/@radix-ui/react-direction
2124 silly ADD node_modules/@radix-ui/react-context
2125 silly ADD node_modules/@radix-ui/react-compose-refs
2126 silly ADD node_modules/@radix-ui/react-collection
2127 silly ADD node_modules/@radix-ui/primitive
2128 silly ADD node_modules/zod
2129 silly ADD node_modules/vaul
2130 silly ADD node_modules/typescript
2131 silly ADD node_modules/tw-animate-css
2132 silly ADD node_modules/tailwindcss-animate
2133 silly ADD node_modules/tailwindcss
2134 silly ADD node_modules/tailwind-merge
2135 silly ADD node_modules/sonner
2136 silly ADD node_modules/recharts
2137 silly ADD node_modules/react-resizable-panels
2138 silly ADD node_modules/react-day-picker
2139 silly ADD node_modules/next-themes
2140 silly ADD node_modules/next
2141 silly ADD node_modules/next/node_modules/postcss
2142 silly ADD node_modules/lucide-react
2143 silly ADD node_modules/lenis
2144 silly ADD node_modules/input-otp
2145 silly ADD node_modules/framer-motion
2146 silly ADD node_modules/embla-carousel-react
2147 silly ADD node_modules/date-fns
2148 silly ADD node_modules/cmdk
2149 silly ADD node_modules/clsx
2150 silly ADD node_modules/class-variance-authority
2151 silly ADD node_modules/postcss
2152 silly ADD node_modules/autoprefixer
2153 silly ADD node_modules/@vercel/analytics
2154 silly ADD node_modules/@types/react-dom
2155 silly ADD node_modules/@types/react
2156 silly ADD node_modules/@types/node
2157 silly ADD node_modules/@tailwindcss/postcss
2158 silly ADD node_modules/@radix-ui/react-tooltip
2159 silly ADD node_modules/@radix-ui/react-toggle-group
2160 silly ADD node_modules/@radix-ui/react-toggle
2161 silly ADD node_modules/@radix-ui/react-toast
2162 silly ADD node_modules/@radix-ui/react-tabs
2163 silly ADD node_modules/@radix-ui/react-switch
2164 silly ADD node_modules/@radix-ui/react-slot
2165 silly ADD node_modules/@radix-ui/react-slider
2166 silly ADD node_modules/@radix-ui/react-separator
2167 silly ADD node_modules/@radix-ui/react-select
2168 silly ADD node_modules/@radix-ui/react-scroll-area
2169 silly ADD node_modules/@radix-ui/react-radio-group
2170 silly ADD node_modules/@radix-ui/react-progress
2171 silly ADD node_modules/@radix-ui/react-popover
2172 silly ADD node_modules/@radix-ui/react-navigation-menu
2173 silly ADD node_modules/@radix-ui/react-menubar
2174 silly ADD node_modules/@radix-ui/react-label
2175 silly ADD node_modules/@radix-ui/react-hover-card
2176 silly ADD node_modules/@radix-ui/react-dropdown-menu
2177 silly ADD node_modules/@radix-ui/react-dialog
2178 silly ADD node_modules/@radix-ui/react-context-menu
2179 silly ADD node_modules/@radix-ui/react-collapsible
2180 silly ADD node_modules/@radix-ui/react-checkbox
2181 silly ADD node_modules/@radix-ui/react-avatar
2182 silly ADD node_modules/@radix-ui/react-aspect-ratio
2183 silly ADD node_modules/@radix-ui/react-alert-dialog
2184 silly ADD node_modules/react-dom
2185 silly ADD node_modules/@radix-ui/react-accordion
2186 silly ADD node_modules/react
2187 silly ADD node_modules/react-hook-form
2188 silly ADD node_modules/@hookform/resolvers
2189 verbose cwd /Users/ayushrana/Downloads/Rituraj Bhaiya /mono-e-commerce-template
2190 verbose os Darwin 25.6.0
2191 verbose node v24.13.0
2192 verbose npm  v11.6.2
2193 notice
2193 notice New [33mminor[39m version of npm available! [33m11.6.2[39m -> [34m11.20.0[39m
2193 notice Changelog: [34mhttps://github.com/npm/cli/releases/tag/v11.20.0[39m
2193 notice To update run: [4mnpm install -g npm@11.20.0[24m
2193 notice  { force: true, Symbol(proc-log.meta): true }
2194 verbose exit 0
2195 info ok
